Subject_ID,Year_Exposure,Role_Group,Actively_Recruited,Recruiter1,Loc_Habitation_State1,Loc_Habitation_City1,Country,lat,long
1000,2002,Follower,Recruited,Friend,Florida,Fort Lauderdale,United States,26.1223084,-80.1433786
1001,2001,Follower,NotRecruited,Not recruited,California,San Francisco,United States,37.7879363,-122.4075201
1002,1997,Leader,Recruited,Group member,California,Santa Ana,United States,33.7494951,-117.873221
1005,1993,Follower,Unknown,Unknown,New Jersey,Maplewood,United States,40.7312123,-74.2734808
1006,1993,Follower,Recruited,Friend,New Jersey,Jersey City,United States,40.7215682,-74.047455
1010,2003,Leader,Recruited,Group member,New York,New York,United States,40.7127281,-74.0060152
1012,2019,NoGroup,NotRecruited,Not recruited,California,Sunnyvale,United States,37.3688301,-122.036349
1013,2002,Follower,Recruited,Group member,New York,Lackawanna,United States,42.8257735,-78.823648
1014,2002,Follower,Recruited,Group member,New York,Lackawanna,United States,42.8257735,-78.823648
1015,2002,Follower,Unknown,Unknown,New York,Buffalo,United States,42.8864163,-78.8781493
1016,2002,Follower,Recruited,Group member,New York,Lackawanna,United States,42.8257735,-78.823648
1017,2002,Leader,Recruited,Friend,New York,Lackawanna,United States,42.8257735,-78.823648
1018,2002,Follower,Recruited,Other,New York,Lackawanna,United States,42.8257735,-78.823648
1019,2003,Associate,Recruited,Friend,Ohio,Columbus,United States,39.9622601,-83.0007065
1020,2004,Leader,NotRecruited,Not recruited,Virginia,Fairfax,United States,38.8462236,-77.3063733
1021,2003,Follower,Recruited,Other,District of Columbia,Washington,United States,38.8950982,-77.0363849
1022,2003,Leader,Recruited,Other,Virginia,Alexandria,United States,38.8051095,-77.0470229
1023,2003,Follower,Recruited,Other,Virginia,Fairfax,United States,38.8462236,-77.3063733
1024,2003,Follower,Recruited,Other,Virginia,Alexandria,United States,38.8051095,-77.0470229
1025,2003,Follower,Recruited,Other,Pennsylvania,Royersford,United States,40.184174,-75.5377894
1026,2003,Follower,Unknown,Unknown,Maryland,Suitland,United States,38.848724,-76.9238625
1027,2003,Leader,Recruited,Other,Maryland,Gaithersburg,United States,39.1399187,-77.1929215
1028,2003,Leader,Recruited,Other,Virginia,Alexandria,United States,38.8051095,-77.0470229
1029,2003,Follower,Unknown,Unknown,Virginia,Falls Church,United States,38.882334,-77.1710914
1031,2003,Associate,Unknown,Unknown,Virginia,Falls Church,United States,38.882334,-77.1710914
1035,2004,Follower,NotRecruited,Not recruited,New York,New York,United States,40.7127281,-74.0060152
1036,2004,Follower,NotRecruited,Not recruited,New York,New York,United States,40.7127281,-74.0060152
1039,2005,Follower,Recruited,Friend,California,Inglewood,United States,33.9562003,-118.353132
1040,2005,Follower,Recruited,Group member,California,Los Angeles,United States,34.0536909,-118.242766
1041,2005,Follower,Recruited,Friend,California,Los Angeles,United States,34.0536909,-118.242766
1042,2005,Follower,Recruited,Group member,California,Folsom,United States,38.6779591,-121.176058
1043,2005,Leader,NotRecruited,Not recruited,California,Folsom,United States,38.6779591,-121.176058
1045,2020,Follower,Unknown,Unknown,Texas,Tyler,United States,32.3512601,-95.3010624
1046,2006,Follower,Unknown,Unknown,Ohio,Toledo,United States,41.6529143,-83.5378173
1047,2019,Associate,NotRecruited,Not recruited,California,Reseda,United States,34.200768,-118.5356869
1048,2006,Unknown,NotRecruited,Not recruited,Georgia,Atlanta,United States,33.7544657,-84.3898151
1049,2006,Leader,Unknown,Unknown,Georgia,Roswell,United States,34.02332,-84.360022
1050,2006,Leader,NotRecruited,Not recruited,Florida,North Miami,United States,25.8900949,-80.1867138
1051,2006,Follower,Unknown,Unknown,Florida,Miami,United States,25.7741566,-80.1935973
1052,2006,Follower,Recruited,Other,Florida,Miami,United States,25.7741566,-80.1935973
1053,2006,Follower,Recruited,Other,Florida,Miami,United States,25.7741566,-80.1935973
1054,2006,Follower,Recruited,Other,Florida,Miami,United States,25.7741566,-80.1935973
1055,2006,Follower,Recruited,Other,Florida,Miami,United States,25.7741566,-80.1935973
1056,2006,Follower,Recruited,Other,Florida,Miami,United States,25.7741566,-80.1935973
1058,2007,Leader,Unknown,Unknown,New Jersey,Cherry Hill,United States,39.9348351,-75.0307264
1059,2007,Follower,NotRecruited,Not recruited,New Jersey,Cherry Hill,United States,39.9348351,-75.0307264
1061,2007,Follower,NotRecruited,Not recruited,New Jersey,Cherry Hill,United States,39.9348351,-75.0307264
1063,2007,Leader,Unknown,Unknown,New York,Brooklyn,United States,40.6526006,-73.9497211
1070,1995,Follower,Unknown,Unknown,Texas,-99,United States,32.9944454,-97.2295308
1074,1995,Follower,NotRecruited,Not recruited,Illinois,Chicago,United States,41.8755616,-87.6244212
1076,1993,NoGroup,NotRecruited,Not recruited,Virginia,Reston,United States,38.9587514,-77.3585955
1079,2005,Follower,Unknown,Unknown,Virginia,Falls Church,United States,38.882334,-77.1710914
1080,2004,Follower,NotRecruited,Not recruited,Washington,Fort Lewis,United States,47.1086912,-122.554979
1081,2002,Leader,NotRecruited,Not recruited,Oregon,Portland,United States,45.5202471,-122.674194
1082,2002,Follower,Recruited,Other,Oregon,Portland,United States,45.5202471,-122.674194
1083,2002,Follower,Recruited,Other,Oregon,Portland,United States,45.5202471,-122.674194
1084,2002,Follower,Recruited,Group member,Oregon,Portland,United States,45.5202471,-122.674194
1085,2002,Follower,NotRecruited,Not recruited,Oregon,Portland,United States,45.5202471,-122.674194
1087,2002,Follower,Recruited,Group member,Oregon,Portland,United States,45.5202471,-122.674194
1088,2006,Unknown,NotRecruited,Not recruited,Illinois,Genoa,United States,42.097248,-88.6928688
1089,2007,NoGroup,NotRecruited,Not recruited,Arizona,Phoenix,United States,33.4484367,-112.074141
1091,2007,Follower,Unknown,Unknown,Massachusetts,Brookline,United States,42.332918,-71.1187829
1093,2007,Follower,NotRecruited,Not recruited,Texas,Houston,United States,29.7589382,-95.3676974
1094,2004,Follower,Unknown,Unknown,New York,New York,United States,40.7127281,-74.0060152
1095,2005,Associate,NotRecruited,Not recruited,New York,New York,United States,40.7127281,-74.0060152
1096,2005,Follower,Recruited,Friend,Florida,Boca Raton,United States,26.3586885,-80.0830984
1097,2005,Follower,Recruited,Friend,New York,Beacon,United States,41.5048402,-73.9695409
1099,2001,Leader,Unknown,Unknown,Texas,Dallas,United States,32.7762719,-96.7968559
1100,2001,Follower,NotRecruited,Not recruited,Texas,Dallas,United States,32.7762719,-96.7968559
1101,2004,Leader,Recruited,Unknown,Texas,Dallas,United States,32.7762719,-96.7968559
1103,2001,Follower,Unknown,Unknown,Texas,Dallas,United States,32.7762719,-96.7968559
1104,2001,Follower,Unknown,Unknown,New Jersey,Paterson,United States,40.9167654,-74.171811
1105,2009,Leader,Unknown,Unknown,Michigan,Detroit,United States,42.3315509,-83.046640300000007
1106,2009,Follower,Recruited,Group member,New York,New York,United States,40.7127281,-74.0060152
1109,2009,Unknown,NotRecruited,Not recruited,Texas,Italy,United States,32.1840381,-96.8847194
1110,2009,Unknown,NotRecruited,Not recruited,Illinois,Decatur,United States,39.8454163,-88.9524151
1111,2008,Follower,NotRecruited,Not recruited,Massachusetts,Sudbury,United States,42.3834278,-71.4161725
1112,2008,Follower,Recruited,Family,Minnesota,Minneapolis,United States,44.9772995,-93.2654692
1113,2009,Follower,Unknown,Unknown,Minnesota,Minneapolis,United States,44.9772995,-93.2654692
1114,2009,Follower,Recruited,Group member,Minnesota,Brooklyn Park,United States,45.1004807,-93.3443585
1115,2010,Leader,NotRecruited,Not recruited,Minnesota,Minneapolis,United States,44.9772995,-93.2654692
1116,2007,Follower,Unknown,Unknown,Minnesota,Minneapolis,United States,44.9772995,-93.2654692
1117,2009,Follower,Recruited,Other,Minnesota,Minneapolis,United States,44.9772995,-93.2654692
1118,2008,Follower,Recruited,Other,Minnesota,Minneapolis,United States,44.9772995,-93.2654692
1119,2009,Follower,NotRecruited,Not recruited,Minnesota,Minneapolis,United States,44.9772995,-93.2654692
1120,2009,Follower,Recruited,Group member,Minnesota,Saint Paul,United States,44.9497487,-93.0931028
1121,2009,Follower,Recruited,Group member,Minnesota,Minneapolis,United States,44.9772995,-93.2654692
1122,2008,Follower,Unknown,Unknown,Minnesota,Minneapolis,United States,44.9772995,-93.2654692
1123,2008,Follower,Unknown,Unknown,Minnesota,Minneapolis,United States,44.9772995,-93.2654692
1124,2008,Follower,NotRecruited,Not recruited,Minnesota,Minneapolis,United States,44.9772995,-93.2654692
1125,2009,Follower,Unknown,Unknown,Minnesota,Minneapolis,United States,44.9772995,-93.2654692
1126,2008,Associate,Recruited,Unknown,Minnesota,Minneapolis,United States,44.9772995,-93.2654692
1127,2009,Follower,Recruited,Group member,Illinois,Chicago,United States,41.8755616,-87.6244212
1128,2009,Follower,Unknown,Unknown,Illinois,Chicago,United States,41.8755616,-87.6244212
1129,2010,Leader,Unknown,Unknown,Minnesota,Minneapolis,United States,44.9772995,-93.2654692
1130,2009,Leader,NotRecruited,Not recruited,Alabama,Daphne,United States,30.6035255,-87.9036047
1131,2009,Leader,Unknown,Unknown,California,San Diego,United States,32.7174202,-117.162772
1132,2009,Unknown,Unknown,Unknown,Minnesota,Rochester,United States,44.0234387,-92.4630182
1133,2019,Follower,Recruited,Group member,Virginia,Glade Spring,United States,36.791225,-81.7712324
1135,2011,Follower,Unknown,Unknown,Minnesota,Saint Paul,United States,44.9497487,-93.0931028
1136,1998,Follower,Unknown,Unknown,Georgia,Atlanta,United States,33.7544657,-84.3898151
1137,2007,Follower,Unknown,Unknown,North Carolina,Charlotte,United States,35.2272086,-80.8430827
1139,2010,Follower,Recruited,Group member,Pennsylvania,Pennsburg,United States,40.3909328,-75.4921249
1140,2010,Follower,Recruited,Group member,Colorado,Leadville,United States,39.2508229,-106.2925238
1141,2010,Follower,NotRecruited,Not recruited,Virginia,Fairfax,United States,38.8462236,-77.3063733
1142,2010,Follower,NotRecruited,Not recruited,Connecticut,Bridgeport,United States,41.1792695,-73.1887863
1143,2010,Associate,NotRecruited,Not recruited,Virginia,Ashburn,United States,39.0437192,-77.4874899
1144,2009,Leader,Unknown,Unknown,Virginia,Falls Church,United States,38.882334,-77.1710914
1160,2009,Unknown,NotRecruited,Not recruited,Texas,Kileen,United States,NA,NA
1161,2010,Unknown,NotRecruited,Not recruited,Oregon,Hillsboro,United States,45.5228939,-122.989827
1162,2010,Unknown,NotRecruited,Not recruited,Maryland,Baltimore,United States,39.2908816,-76.610759
1163,2009,Follower,Recruited,Group member,Virginia,Alexandria,United States,38.8051095,-77.0470229
1164,2009,Leader,Recruited,Group member,Virginia,Alexandria,United States,38.8051095,-77.0470229
1165,2019,NoGroup,NotRecruited,Not recruited,California,San Diego,United States,32.7174202,-117.162772
1166,2009,Follower,Recruited,Group member,Virginia,Alexandria,United States,38.8051095,-77.0470229
1167,2009,Follower,Recruited,Group member,Virginia,Alexandria,United States,38.8051095,-77.0470229
1168,2019,Unknown,Unknown,Unknown,North Carolina,Winston-Salem,United States,36.0998131,-80.2440518
1169,2009,Follower,NotRecruited,Not recruited,Arkansas,Little Rock,United States,34.7465071,-92.2896267
1170,2009,Leader,NotRecruited,Not recruited,New York,New York,United States,40.7127281,-74.0060152
1171,2009,Follower,Unknown,Unknown,New York,New York,United States,40.7127281,-74.0060152
1172,2009,Follower,Recruited,Other,New York,Newburgh,United States,41.5000767,-74.0098299
1173,2009,Follower,Recruited,Other,New York,Orange County,United States,NA,NA
1174,2009,Leader,NotRecruited,Not recruited,North Carolina,Willow Spring,United States,35.5957129,-78.7313999
1175,2009,Follower,Recruited,Family,North Carolina,Willow Spring,United States,35.5957129,-78.7313999
1176,2009,Follower,Recruited,Family,North Carolina,Willow Spring,United States,35.5957129,-78.7313999
1178,2009,Follower,Unknown,Unknown,North Carolina,Raleigh,United States,35.7803977,-78.6390989
1179,2009,Follower,Recruited,Friend,North Carolina,Raleigh,United States,35.7803977,-78.6390989
1181,2009,Follower,Recruited,Other,North Carolina,Raleigh,United States,35.7803977,-78.6390989
1182,2008,Follower,Recruited,Other,New York,New York,United States,40.7127281,-74.0060152
1183,2009,Associate,Unknown,Unknown,New Jersey,North Bergen,United States,40.8042674,-74.012084
1184,2018,Unknown,NotRecruited,Not recruited,South Carolina,Greenville,United States,34.851354,-82.3984882
1189,2018,Unknown,NotRecruited,Not recruited,Florida,Fort Pierce,United States,27.4467056,-80.3256056
1190,2018,Follower,Unknown,Unknown,Tennessee,Knoxville,United States,35.9603948,-83.9210261
1191,2010,Leader,NotRecruited,Not recruited,Alaska,King Salmon,United States,58.6884337,-156.6618384
1193,2009,Follower,NotRecruited,Not recruited,New York,Brooklyn,United States,40.6526006,-73.9497211
1195,2019,NoGroup,NotRecruited,Not recruited,North Carolina,-99,United States,35.7336837,-78.6577146
1196,2019,Follower,NotRecruited,Not recruited,Texas,Fort Worth,United States,32.753177,-97.3327459
1199,2019,NoGroup,NotRecruited,Not recruited,California,Fullerton,United States,33.8708215,-117.929416
1200,2010,Unknown,NotRecruited,Not recruited,Hawaii,Honolulu,United States,21.304547,-157.855676
1201,2010,NoGroup,NotRecruited,Not recruited,Virginia,Arlington,United States,38.8903961,-77.0841585
1202,2018,NoGroup,NotRecruited,Not recruited,Minnesota,Minneapolis,United States,44.9772995,-93.2654692
1203,2010,Unknown,NotRecruited,Not recruited,Illinois,Chicago,United States,41.8755616,-87.6244212
1205,2019,NoGroup,Unknown,Unknown,Alaska,Anchorage,United States,61.2163129,-149.894852
1207,2019,NoGroup,Unknown,Unknown,Washington,Kent,United States,47.3826903,-122.2270272
1208,2017,NoGroup,Unknown,Unknown,California,North Highlands,United States,38.6857362,-121.3721745
1213,2019,Follower,Unknown,Unknown,Wyoming,Jackson,United States,43.479965,-110.761815
1284,2020,Follower,Unknown,Unknown,Arizona,-99,United States,NA,NA
1344,2020,NoGroup,NA,Not recruited,Illinois,Peoria,United States,40.6938609,-89.5891008
1362,2018,NoGroup,NotRecruited,Not recruited,Florida,Miami,United States,25.7741566,-80.1935973
1363,2018,NoGroup,NotRecruited,Not recruited,Maryland,Crofton,United States,39.0017772,-76.6874671
1364,2018,Unknown,NotRecruited,Not recruited,Wyoming,Casper,United States,42.8501191,-106.325138
1365,2018,NoGroup,NotRecruited,Not recruited,Florida,Miami,United States,25.7741566,-80.1935973
1368,2018,NoGroup,NotRecruited,Not recruited,New Jersey,Princeton,United States,40.3496953,-74.6597376
1370,2018,Unknown,NotRecruited,Not recruited,Oregon,Williams,United States,42.2186765,-123.2739559
1372,2018,NoGroup,NotRecruited,Not recruited,Texas,Beaumont,United States,30.0829344,-94.0984277
1373,2018,NoGroup,NotRecruited,Not recruited,Wyoming,Laramie,United States,41.3116442,-105.5917876
1374,2018,NoGroup,NotRecruited,Not recruited,Washington,Seattle,United States,47.6038321,-122.330062
1413,2019,Leader,NotRecruited,Not recruited,California,Los Angeles,United States,34.0536909,-118.242766
1414,2019,Unknown,Unknown,Unknown,New Jersey,Basking Ridge,United States,40.7064088,-74.5492725
1416,2015,Unknown,Unknown,Unknown,Colorado,Grand Junction,United States,39.0672568,-108.56448
1417,2015,Follower,Unknown,Unknown,Colorado,Grand Junction,United States,39.0672568,-108.56448
1419,2019,Unknown,Unknown,Unknown,California,Parker,United States,38.8025435,-121.3616613
1420,2019,NoGroup,NotRecruited,Not recruited,Alabama,Auburn,United States,32.6098566,-85.4807825
1421,2019,Unknown,Unknown,Unknown,Washington,Seattle,United States,47.6038321,-122.330062
1425,2019,NoGroup,NotRecruited,Not recruited,Utah,Kaysville,United States,41.0349847,-111.9383931
1427,2019,NoGroup,NotRecruited,Not recruited,New York,Brooklyn,United States,40.6526006,-73.9497211
1519,2019,Follower,NotRecruited,Not recruited,New York,Brooklyn,United States,40.6526006,-73.9497211
1521,2019,Follower,NotRecruited,Not recruited,Wisconsin,Madison,United States,43.07469,-89.3841663
1522,2015,Follower,Unknown,Unknown,South Dakota,Sioux Falls,United States,43.5476008,-96.7293629
1524,2019,Associate,NotRecruited,Not recruited,New York,Queens,United States,40.7135078,-73.8283132
1529,2019,Follower,NotRecruited,Not recruited,Texas,Fort Worth,United States,32.753177,-97.3327459
1533,2019,Leader,Unknown,Unknown,Minnesota,Albany,United States,45.6299647,-94.5700048
1534,2019,NoGroup,NotRecruited,Not recruited,Texas,Harlingen,United States,26.1907543,-97.6960599
1535,2019,NoGroup,Unknown,Unknown,California,Concord,United States,37.9768525,-122.0335624
1536,2019,Unknown,Unknown,Unknown,Florida,Fort Myers,United States,26.640628,-81.8723084
1574,2020,Follower,Unknown,Unknown,Virginia,Virginia Beach,United States,36.8496579,-75.9760751
1756,2019,Unknown,Unknown,Unknown,Oregon,Portland,United States,45.5202471,-122.674194
1757,2019,Follower,NotRecruited,Not recruited,Pennsylvania,Old Forge,United States,41.3711906,-75.7349144
1758,2019,Follower,NotRecruited,Not recruited,Nebraska,Omaha,United States,41.2587459,-95.9383758
1759,2019,Follower,NotRecruited,Not recruited,Washington,Vashon Island,United States,NA,NA
1760,2019,Associate,NotRecruited,Not recruited,Indiana,Fishers,United States,39.9555928,-86.0138729
1761,2019,Associate,NotRecruited,Not recruited,Indiana,Fishers,United States,39.9555928,-86.0138729
1762,2019,NoGroup,NotRecruited,Not recruited,Wisconsin,Madison,United States,43.07469,-89.3841663
1763,2019,NoGroup,NotRecruited,Not recruited,North Carolina,Black Mountain,United States,35.6176544,-82.3205791
1764,2019,NoGroup,NotRecruited,Not recruited,Oklahoma,Oklahoma City,United States,35.4729886,-97.5170536
1765,2019,NoGroup,NotRecruited,Not recruited,Oklahoma,Harrah,United States,35.4895085,-97.1636408
1767,2019,NoGroup,NotRecruited,Not recruited,Tennessee,Nashville,United States,36.1622767,-86.7742984
1801,2020,Follower,Unknown,Unknown,Texas,Grapevine,United States,32.9337381,-97.0788754
1914,2020,NoGroup,NA,Not recruited,Texas,Lubbock,United States,33.5855677,-101.8470215
2001,2008,Leader,Unknown,Unknown,Massachusetts,Boston,United States,42.3588336,-71.0578303
2002,2010,Follower,Recruited,Friend,New York,New York,United States,40.7127281,-74.0060152
2003,2010,Follower,Recruited,Group member,New York,New York,United States,40.7127281,-74.0060152
2010,2010,Follower,NotRecruited,Not recruited,New Jersey,Buena,United States,39.5313361,-74.9429253
2011,2008,Follower,Unknown,Unknown,Massachusetts,Boston,United States,42.3588336,-71.0578303
2012,2007,Follower,Recruited,Group member,Ohio,Columbus,United States,39.9622601,-83.0007065
2013,2003,Follower,NotRecruited,Not recruited,Ohio,Columbus,United States,39.9622601,-83.0007065
2018,2007,Follower,Recruited,Group member,Illinois,Chicago,United States,41.8755616,-87.6244212
2019,2007,Associate,Recruited,Group member,Illinois,Chicago,United States,41.8755616,-87.6244212
2021,2010,Follower,Unknown,Unknown,New York,Brooklyn,United States,40.6526006,-73.9497211
2023,2011,NoGroup,NotRecruited,Not recruited,Texas,Lubbock,United States,33.5855677,-101.8470215
2025,2002,NoGroup,NotRecruited,Not recruited,Florida,Clearwater,United States,27.9658533,-82.8001026
2026,2010,Follower,NotRecruited,Not recruited,Texas,Hempstead,United States,30.0929491,-96.0806548
2027,2004,NoGroup,NotRecruited,Not recruited,Ohio,Cleveland,United States,41.4996574,-81.6936772
2029,2010,Follower,Recruited,Other,California,San Diego,United States,32.7174202,-117.162772
2031,2011,NoGroup,NotRecruited,Not recruited,New York,New York,United States,40.7127281,-74.0060152
2034,2006,NoGroup,NotRecruited,Not recruited,Washington,Pasco,United States,46.2306739,-119.0921
2036,2006,Follower,Unknown,Unknown,New York,New York,United States,40.7127281,-74.0060152
2042,2003,Follower,Recruited,Family,Maryland,Baltimore,United States,39.2908816,-76.610759
2048,2011,Follower,NotRecruited,Not recruited,Minnesota,Eden Prairie,United States,44.8546856,-93.470786
2049,2011,Follower,NotRecruited,Not recruited,New York,New York,United States,40.7127281,-74.0060152
2050,2002,Follower,Unknown,Unknown,Florida,Hollywood,United States,26.0112014,-80.1494901
2051,2006,Follower,Unknown,Unknown,Texas,Houston,United States,29.7589382,-95.3676974
2052,2010,Follower,Unknown,Unknown,California,San Diego,United States,32.7174202,-117.162772
2055,2010,Follower,Unknown,Unknown,California,San Diego,United States,32.7174202,-117.162772
2056,2010,Follower,Recruited,Group member,California,San Diego,United States,32.7174202,-117.162772
2057,2009,Follower,Recruited,Unknown,Minnesota,Minneapolis,United States,44.9772995,-93.2654692
2061,2008,Follower,NotRecruited,Not recruited,Washington,Seattle,United States,47.6038321,-122.330062
2062,2006,NoGroup,NotRecruited,Not recruited,North Carolina,Charlotte,United States,35.2272086,-80.8430827
2063,2002,Follower,Unknown,Unknown,Washington,Seattle,United States,47.6038321,-122.330062
2065,2006,Follower,Unknown,Unknown,Texas,Houston,United States,29.7589382,-95.3676974
2066,2012,Associate,NotRecruited,Not recruited,Minnesota,Saint Louis,United States,NA,NA
2067,2010,Associate,NotRecruited,Not recruited,California,San Diego,United States,32.7174202,-117.162772
2068,2007,NoGroup,NotRecruited,Not recruited,Michigan,Detroit,United States,42.3315509,-83.046640300000007
2069,2002,Follower,NotRecruited,Not recruited,Washington,Tacoma,United States,47.2455013,-122.438329
2071,2011,NoGroup,NotRecruited,Not recruited,Washington,Seattle,United States,47.6038321,-122.330062
2072,2011,Follower,NotRecruited,Not recruited,California,Los Angeles,United States,34.0536909,-118.242766
2100,2011,NoGroup,NotRecruited,Not recruited,Pennsylvania,Mayport,United States,41.0336768,-79.2514282
2101,2011,NoGroup,Unknown,Unknown,California,Imperial Beach,United States,32.583893,-117.1130487
2103,2011,NoGroup,NotRecruited,Not recruited,Washington,Spokane,United States,47.6571934,-117.42351
2104,2007,NoGroup,NotRecruited,Not recruited,New York,New York,United States,40.7127281,-74.0060152
2106,2011,NoGroup,NotRecruited,Not recruited,Virginia,Alexandria,United States,38.8051095,-77.0470229
2107,2011,NoGroup,NotRecruited,Not recruited,Texas,Garland,United States,32.912624,-96.6388833
2108,2011,Unknown,Unknown,Unknown,New York,New York,United States,40.7127281,-74.0060152
2109,2011,Unknown,NotRecruited,Not recruited,Massachusetts,Ashland,United States,42.2599608,-71.4642596
2111,2011,Unknown,Unknown,Unknown,New York,New York,United States,40.7127281,-74.0060152
2112,2011,Unknown,NotRecruited,Not recruited,Maryland,Laurel,United States,39.0984317,-76.8485094
2113,2011,Associate,NotRecruited,Not recruited,Alabama,Birmingham,United States,33.5206824,-86.8024326
2114,2013,NoGroup,NotRecruited,Not recruited,Virginia,Alexandria,United States,38.8051095,-77.0470229
2120,2011,Leader,Unknown,Unknown,Florida,Miami,United States,25.7741566,-80.1935973
2121,2012,NoGroup,NotRecruited,Not recruited,Florida,Tampa,United States,27.9449854,-82.4583107
2124,2012,Follower,Recruited,Friend,North Carolina,Raleigh,United States,35.7803977,-78.6390989
2126,2011,Follower,Recruited,Other,Maryland,Ellicott City,United States,39.2673284,-76.7983067
2127,2010,Associate,NotRecruited,Not recruited,Ohio,Toledo,United States,41.6529143,-83.5378173
2128,2010,NoGroup,NotRecruited,Not recruited,New Jersey,Newark,United States,40.735657,-74.1723667
2130,2010,Follower,Recruited,Friend,Florida,Hialeah,United States,25.8267775,-80.2814009
2152,2003,Unknown,Unknown,Unknown,Arizona,Prescott,United States,34.539984,-112.468812
2154,2003,Follower,Unknown,Unknown,Arizona,-99,United States,NA,NA
2169,2003,Follower,NotRecruited,Not recruited,Virginia,Falls Church,United States,38.882334,-77.1710914
2170,2004,Unknown,Unknown,Unknown,New York,New York,United States,40.7127281,-74.0060152
2186,2006,Follower,Unknown,Unknown,Michigan,Dearborn,United States,42.3222599,-83.1763145
2191,2006,Associate,Unknown,Unknown,Michigan,Dearborn Heights,United States,42.3369816,-83.2732627
2193,2006,Follower,Unknown,Unknown,Michigan,Dearborn Heights,United States,42.3369816,-83.2732627
2194,2006,Leader,Unknown,Unknown,Michigan,Dearborn,United States,42.3222599,-83.1763145
2200,2003,Follower,NotRecruited,Not recruited,Michigan,Detroit,United States,42.3315509,-83.046640300000007
2202,2020,NoGroup,NA,Not recruited,Delaware,Wilmington,United States,39.7459468,-75.546589
2204,2008,Associate,Unknown,Unknown,Michigan,Dearborn,United States,42.3222599,-83.1763145
2213,2006,Follower,Unknown,Unknown,Florida,Miami,United States,25.7741566,-80.1935973
2231,2007,Associate,Recruited,Family,California,San Jose,United States,37.3361663,-121.890591
2232,2009,NoGroup,NotRecruited,Not recruited,New York,Ardsley,United States,41.0114017,-73.8466414
2233,2009,Follower,Unknown,Unknown,Minnesota,Minneapolis,United States,44.9772995,-93.2654692
2234,2011,Follower,Unknown,Unknown,New York,New York,United States,40.7127281,-74.0060152
2235,2005,Follower,Unknown,Unknown,California,San Diego,United States,32.7174202,-117.162772
2236,2002,Unknown,NotRecruited,Not recruited,Florida,Hollywood,United States,26.0112014,-80.1494901
2237,2009,Follower,Unknown,Unknown,Minnesota,Minneapolis,United States,44.9772995,-93.2654692
2238,2002,Follower,Unknown,Unknown,Washington,Tacoma,United States,47.2455013,-122.438329
2239,2010,Follower,Recruited,Other,Alaska,King Salmon,United States,58.6884337,-156.6618384
2240,2004,Follower,Unknown,Unknown,Wyoming,Laramie,United States,41.3116442,-105.5917876
2241,1996,Follower,Recruited,Group member,New York,Brooklyn,United States,40.6526006,-73.9497211
2243,2010,Follower,Unknown,Unknown,Missouri,Kansas City,United States,39.100105,-94.5781416
2251,2003,Unknown,NotRecruited,Not recruited,New York,New York,United States,40.7127281,-74.0060152
2343,2019,Follower,NotRecruited,Not recruited,New York,Staten Island,United States,40.5834557,-74.1496048
2345,2019,Follower,NotRecruited,Not recruited,New York,Bronx,United States,40.8466508,-73.8785937
2346,2019,Follower,NotRecruited,Not recruited,Arizona,Tucson,United States,32.2228765,-110.974847
2347,2019,Follower,NotRecruited,Not recruited,Arizona,Tucson,United States,32.2228765,-110.974847
2348,2019,Follower,Unknown,Unknown,Nevada,Las Vegas,United States,36.1674263,-115.1484131
2351,2019,NoGroup,NotRecruited,Not recruited,New York,Henrietta,United States,43.0611781,-77.6338983
2352,2019,NoGroup,NotRecruited,Not recruited,Virginia,Arlington,United States,38.8903961,-77.0841585
2353,2019,NoGroup,NotRecruited,Not recruited,Texas,Allen,United States,33.1031744,-96.6705503
2354,2019,NoGroup,NotRecruited,Not recruited,California,Gilroy,United States,37.0065078,-121.5631723
2355,2019,Unknown,NotRecruited,Not recruited,Ohio,Bellbrook,United States,39.6358399,-84.0701766
2356,2019,NoGroup,NotRecruited,Not recruited,Connecticut,Norwalk,United States,41.1175966,-73.4078968
2358,2019,NoGroup,NotRecruited,Not recruited,Washington,Seattle,United States,47.6038321,-122.330062
2359,2019,Associate,NotRecruited,Not recruited,Florida,Milton,United States,30.6324149,-87.0396881
2360,2019,Leader,Unknown,Unknown,New York,Brooklyn,United States,40.6526006,-73.9497211
2361,2018,Follower,NotRecruited,Not recruited,Minnesota,Medina,United States,45.0151361,-93.574375
2362,2019,Follower,NotRecruited,Not recruited,Oregon,Portland,United States,45.5202471,-122.674194
2363,2019,Follower,Unknown,Unknown,Texas,Dallas,United States,32.7762719,-96.7968559
2364,2019,NoGroup,NotRecruited,Not recruited,Missouri,Springfield,United States,37.2081729,-93.2922715
2365,2019,Follower,Unknown,Unknown,Arkansas,Helena-West Helena,United States,34.539412,-90.6155926
2366,2019,NoGroup,NotRecruited,Not recruited,Utah,Draper,United States,40.5247777,-111.8627989
2367,2019,NoGroup,NotRecruited,Not recruited,Ohio,Boardman,United States,41.0242256,-80.6628528
2368,2019,NoGroup,NotRecruited,Not recruited,Maryland,Westminster,United States,39.5751717,-76.9959168
2369,2018,NoGroup,NotRecruited,Not recruited,California,Norwalk,United States,33.9092802,-118.0849169
2370,2019,NoGroup,NotRecruited,Not recruited,Texas,Richardson,United States,32.9481789,-96.7297206
2371,2019,NoGroup,NotRecruited,Not recruited,Florida,Tamarac,United States,26.2128609,-80.2497707
2373,2018,NoGroup,NotRecruited,Not recruited,Florida,Fruitland Park,United States,28.8613765,-81.9064705
2374,2019,NoGroup,NotRecruited,Not recruited,Oregon,Beaverton,United States,45.4871723,-122.80378
2375,2018,NoGroup,NotRecruited,Not recruited,New York,Smithtown,United States,40.8559314,-73.2006687
2376,2018,NoGroup,NotRecruited,Not recruited,New York,Grand Island,United States,43.0183219,-78.9636394
2377,2018,NoGroup,NotRecruited,Not recruited,Tennessee,Chattanooga,United States,35.0457219,-85.3094883
2378,2018,NoGroup,NotRecruited,Not recruited,New York,Nesconset,United States,40.8520426,-73.1540004
2379,2018,NoGroup,NotRecruited,Not recruited,Oregon,Portland,United States,45.5202471,-122.674194
2380,2019,Follower,Unknown,Unknown,Arkansas,Atkins,United States,35.2450217,-92.937615
2381,2019,Follower,Unknown,Unknown,Arkansas,Atkins,United States,35.2450217,-92.937615
2382,2019,Follower,Unknown,Unknown,Arkansas,Atkins,United States,35.2450217,-92.937615
2383,2019,NoGroup,NotRecruited,Not recruited,Florida,Kissimmee,United States,28.2918995,-81.4075838
2384,2019,NoGroup,NotRecruited,Not recruited,Tennessee,Waverly,United States,36.0830353,-87.7945789
2386,2019,NoGroup,NotRecruited,Not recruited,Illinois,Lombard,United States,41.8864687,-88.0201536
2387,2019,NoGroup,NotRecruited,Not recruited,Connecticut,New Haven,United States,41.3082138,-72.9250518
2388,2019,NoGroup,NotRecruited,Not recruited,Ohio,Toledo,United States,41.6529143,-83.5378173
2389,2019,NoGroup,NotRecruited,Not recruited,Montana,Superior,United States,47.1915937,-114.891797
2390,2019,NoGroup,NotRecruited,Not recruited,Colorado,Boulder,United States,40.0149856,-105.270545
2592,2019,Unknown,Unknown,Unknown,Oregon,Portland,United States,45.5202471,-122.674194
2594,2019,NoGroup,NotRecruited,Not recruited,Tennessee,Clarksville,United States,36.5277607,-87.3588703
2595,2019,NoGroup,NotRecruited,Not recruited,Illinois,Chicago,United States,41.8755616,-87.6244212
2596,2019,Associate,NotRecruited,Not recruited,New York,East Elmhurst,United States,40.7612123,-73.8651358
2597,2019,Unknown,Unknown,Unknown,California,Los Angeles,United States,34.0536909,-118.242766
2598,2019,NoGroup,NotRecruited,Not recruited,Florida,Winter Park,United States,28.5977707,-81.3510264
2601,2019,NoGroup,NotRecruited,Not recruited,South Dakota,Rapid City,United States,44.0806041,-103.228023
2603,2019,NoGroup,NotRecruited,Not recruited,Virginia,Waynesboro,United States,38.0686668,-78.8893999
2604,2019,Unknown,Unknown,Unknown,Louisiana,Ball,United States,31.4154451,-92.4115395
2605,2019,Unknown,Unknown,Unknown,Louisiana,Ball,United States,31.4154451,-92.4115395
2607,2019,NoGroup,NotRecruited,Not recruited,New Jersey,Green Township,United States,40.9659625,-74.7870748
2609,2019,Unknown,NotRecruited,Not recruited,Florida,Brandon,United States,27.937801,-82.2859247
2631,2019,Follower,NotRecruited,Not recruited,New York,Goshen,United States,41.4021497,-74.3242129
2632,2019,Follower,NotRecruited,Not recruited,Texas,Forney,United States,32.747893,-96.4719289
2637,2019,Follower,Unknown,Unknown,South Carolina,Conway,United States,33.8360035,-79.0478143
2638,2019,Unknown,Unknown,Unknown,Oregon,Portland,United States,45.5202471,-122.674194
2639,2019,NoGroup,NotRecruited,Not recruited,Minnesota,Rochester,United States,44.0234387,-92.4630182
2640,2019,Leader,Unknown,Unknown,Virginia,Falls Church,United States,38.882334,-77.1710914
2642,2019,NoGroup,NotRecruited,Not recruited,Rhode Island,North Kingstown,United States,41.5514283,-71.4693875
2644,2019,NoGroup,NotRecruited,Not recruited,Florida,Wimauma,United States,27.7125308,-82.2989803
2645,2019,Follower,NotRecruited,Not recruited,Wisconsin,Bloomer,United States,45.1015011,-91.4887197
2646,2019,Follower,NotRecruited,Not recruited,North Carolina,Ayden,United States,35.4711635,-77.4175729
2647,2019,NoGroup,NotRecruited,Not recruited,Arkansas,Mayflower,United States,34.9570325,-92.4273785
2650,2019,NoGroup,NotRecruited,Not recruited,California,San Diego,United States,32.7174202,-117.162772
2652,2019,NoGroup,NotRecruited,Not recruited,Florida,Plantation,United States,26.1275862,-80.2331036
2656,2018,Associate,Unknown,Unknown,Ohio,Akron,United States,41.083064,-81.518485
2657,2019,NoGroup,NotRecruited,Not recruited,Utah,Overton,United States,NA,NA
2659,2019,NoGroup,NotRecruited,Not recruited,Kentucky,Independence,United States,38.9431183,-84.544109
2661,2019,NoGroup,NotRecruited,Not recruited,Florida,Miami,United States,25.7741566,-80.1935973
2816,2019,Follower,Unknown,Unknown,Virginia,Fairfax,United States,38.8462236,-77.3063733
2817,2019,Associate,Unknown,Unknown,Colorado,Pueblo,United States,38.263995,-104.6141867
2819,2019,Follower,Unknown,Unknown,New Jersey,Salem,United States,39.5717796,-75.4671423
2822,2019,NoGroup,NotRecruited,Not recruited,Washington,Seattle,United States,47.6038321,-122.330062
2825,2019,Follower,Unknown,Unknown,Massachusetts,Lowell,United States,42.6414437,-71.3085329
2826,2019,Follower,Unknown,Unknown,Washington,Olympia,United States,47.0451022,-122.8950075
2828,2020,Leader,Unknown,Unknown,Washington,Arlington,United States,48.1896827,-122.1288887
2829,2019,Associate,Unknown,Unknown,Texas,Jefferson,United States,32.7573626,-94.3451926
2833,2019,NoGroup,NotRecruited,Not recruited,Mississippi,Collins,United States,31.6457944,-89.5553297
2838,2019,NoGroup,NotRecruited,Not recruited,New York,-99,United States,NA,NA
2839,2019,Follower,Unknown,Unknown,New York,Greenwood Lake,United States,41.2225932,-74.2943178
2840,2019,Follower,Unknown,Unknown,New Jersey,Brooklawn,United States,39.8783062,-75.1205318
2842,2019,Leader,NotRecruited,Not recruited,Illinois,Chicago,United States,41.8755616,-87.6244212
2843,2019,Follower,NotRecruited,Not recruited,Virginia,Roanoke,United States,37.270973,-79.9414313
2844,2019,Associate,NotRecruited,Not recruited,Illinois,Chicago,United States,41.8755616,-87.6244212
2845,2019,Associate,NotRecruited,Not recruited,New York,Brooklyn,United States,40.6526006,-73.9497211
2846,2019,Associate,NotRecruited,Not recruited,Florida,North Miami,United States,25.8900949,-80.1867138
2847,2019,NoGroup,NotRecruited,Not recruited,Ohio,Cleveland Heights,United States,41.5200518,-81.556235
2848,2019,Unknown,Unknown,Unknown,Oregon,Portland,United States,45.5202471,-122.674194
2851,2019,Follower,NotRecruited,Not recruited,Connecticut,West Haven,United States,41.2706527,-72.9470471
2852,2019,Follower,NotRecruited,Not recruited,New Jersey,Elizabeth,United States,40.6639916,-74.2107006
2853,2019,Follower,NotRecruited,Not recruited,New Jersey,Elizabeth,United States,40.6639916,-74.2107006
2854,2019,Associate,NotRecruited,Not recruited,Connecticut,Hamden,United States,41.383623299999996,-72.9020069
2889,2020,NoGroup,NotRecruited,Not recruited,Florida,Wauchula,United States,27.5472589,-81.8114715
2925,2020,Leader,Unknown,Unknown,Texas,Grapevine,United States,32.9337381,-97.0788754
2926,2020,NoGroup,NA,Not recruited,New York,Brooklyn,United States,40.6526006,-73.9497211
2927,2020,NoGroup,NA,Not recruited,New York,Brooklyn,United States,40.6526006,-73.9497211
2931,2020,NoGroup,NA,Not recruited,Minnesota,Brainerd,United States,46.3580221,-94.2008288
2945,2020,Follower,NotRecruited,Not recruited,Oregon,Milwaukie,United States,45.4440051,-122.6412523
3000,1998,Leader,NotRecruited,Not recruited,Oregon,Portland,United States,45.5202471,-122.674194
3001,2004,Follower,Unknown,Unknown,New York,Lloyd Harbor,United States,40.9034315,-73.4598432
3005,2000,Associate,Unknown,Unknown,Oregon,Portland,United States,45.5202471,-122.674194
3006,2001,Associate,Unknown,Unknown,New York,Coram,United States,40.8687097,-73.0014946
3007,2001,Follower,Unknown,Unknown,Oregon,Portland,United States,45.5202471,-122.674194
3008,2001,Follower,Unknown,Unknown,New York,Suffolk County,United States,NA,NA
3009,2001,Follower,Recruited,Group member,New York,Coram,United States,40.8687097,-73.0014946
3010,2000,Follower,Unknown,Unknown,New York,Sound Beach,United States,40.9562099,-72.9678811
3011,2004,Follower,Unknown,Unknown,Washington,Seattle,United States,47.6038321,-122.330062
3015,2007,Unknown,Unknown,Unknown,Michigan,Detroit,United States,42.3315509,-83.046640300000007
3018,2000,Follower,NotRecruited,Not recruited,Oregon,Eugene,United States,44.0505054,-123.0950506
3020,1999,Unknown,Unknown,Unknown,Washington,Snohomish,United States,47.9113592,-122.0955144
3021,1997,Follower,Recruited,Group member,Utah,Salt Lake City,United States,40.7596198,-111.886797
3022,1992,Leader,NotRecruited,Not recruited,Arizona,Tucson,United States,32.2228765,-110.974847
3023,2002,Follower,Recruited,Group member,Oregon,Portland,United States,45.5202471,-122.674194
3024,2008,Unknown,Unknown,Unknown,Oregon,Portland,United States,45.5202471,-122.674194
3027,1999,Follower,Unknown,Unknown,Utah,Salt Lake City,United States,40.7596198,-111.886797
3028,1996,NoGroup,NotRecruited,Not recruited,Montana,Lincoln,United States,46.944674,-112.699302
3030,1997,Follower,Unknown,Unknown,Utah,Salt Lake City,United States,40.7596198,-111.886797
3033,1999,Unknown,Unknown,Unknown,Utah,Salt Lake City,United States,40.7596198,-111.886797
3035,1999,Unknown,Unknown,Unknown,Arkansas,Little Rock,United States,34.7465071,-92.2896267
3038,1999,Follower,Unknown,Unknown,Minnesota,Crystal,United States,45.031823,-93.3606072
3042,1997,Follower,Unknown,Unknown,Utah,Sandy,United States,40.5710454,-111.8953815
3043,1993,Leader,Unknown,Unknown,Texas,Dallas,United States,32.7762719,-96.7968559
3049,1991,Follower,Unknown,Unknown,Tennessee,Memphis,United States,35.1460249,-90.0517638
3050,1995,Leader,NotRecruited,Not recruited,New York,Pendleton,United States,43.086997,-78.727859
3053,1995,Unknown,Unknown,Unknown,Minnesota,-99,United States,NA,NA
3058,1996,Follower,Unknown,Unknown,Oregon,Eugene,United States,44.0505054,-123.0950506
3059,2009,Associate,Unknown,Unknown,Utah,Layton,United States,41.0751048,-111.9741925
3060,2003,Unknown,Unknown,Unknown,California,San Rafael,United States,37.9747795,-122.5316686
3062,2001,Follower,Unknown,Unknown,Washington,Seattle,United States,47.6038321,-122.330062
3063,2004,Follower,Unknown,Unknown,New Jersey,Hamilton Township,United States,40.2113211,-74.6858335
3064,2000,Follower,Unknown,Unknown,New Mexico,Santa Fe,United States,35.6876096,-105.938456
3065,2010,Follower,Unknown,Unknown,Minnesota,Minneapolis,United States,44.9772995,-93.2654692
3066,2001,Follower,Unknown,Unknown,New Jersey,Randolph,United States,40.844265,-74.5857218
3068,2010,Follower,NotRecruited,Not recruited,Utah,Salt Lake City,United States,40.7596198,-111.886797
3071,1997,Follower,Unknown,Unknown,California,Los Angeles,United States,34.0536909,-118.242766
3074,2009,Follower,Unknown,Unknown,Utah,Ogden,United States,41.2230048,-111.9738429
3077,2008,Follower,Unknown,Unknown,Washington,Olympia,United States,47.0451022,-122.8950075
3078,2006,Follower,Unknown,Unknown,California,-99,United States,37.4122712,-121.9576697
3084,2004,Leader,Unknown,Unknown,California,Newcastle,United States,38.8740658,-121.1332806
3086,2002,Follower,Recruited,Other,Oregon,Portland,United States,45.5202471,-122.674194
3087,2001,Follower,NotRecruited,Not recruited,Oregon,Applegate,United States,42.2570634,-123.1682392
3088,1996,Leader,Unknown,Unknown,Oregon,Eugene,United States,44.0505054,-123.0950506
3089,2007,Associate,Unknown,Unknown,Colorado,Denver,United States,39.7392364,-104.984862
3090,2006,Follower,Unknown,Unknown,Oregon,Springfield,United States,44.0462362,-123.0220289
3094,1999,Leader,Unknown,Unknown,Michigan,-99,United States,NA,NA
3095,2006,Follower,Unknown,Unknown,California,Foresthill,United States,39.0201768,-120.817989
3098,2001,Follower,Recruited,Friend,Washington,Seattle,United States,47.6038321,-122.330062
3099,2004,Follower,Unknown,Unknown,California,Newcastle,United States,38.8740658,-121.1332806
3101,2006,Follower,Recruited,Group member,Virginia,Charlottesville,United States,38.029306,-78.4766781
3102,2006,Follower,Recruited,Group member,Washington,Olympia,United States,47.0451022,-122.8950075
3104,2006,Follower,Unknown,Unknown,Washington,Spokane,United States,47.6571934,-117.42351
3105,2004,Follower,Unknown,Unknown,California,Pinole,United States,38.0043667,-122.2988587
3106,2005,Follower,NotRecruited,Not recruited,California,Newcastle,United States,38.8740658,-121.1332806
3107,2001,Follower,NotRecruited,Not recruited,Oregon,Eugene,United States,44.0505054,-123.0950506
3108,2002,Follower,Unknown,Unknown,Oregon,Portland,United States,45.5202471,-122.674194
3109,2008,Associate,Unknown,Unknown,Michigan,Detroit,United States,42.3315509,-83.046640300000007
3112,2005,Follower,Recruited,Friend,California,Sacramento,United States,38.5810606,-121.493895
3114,2006,Follower,Unknown,Unknown,Oregon,Ashland,United States,42.1972487,-122.7153995
3116,2002,Follower,Unknown,Unknown,Oregon,Portland,United States,45.5202471,-122.674194
3117,1999,Follower,Unknown,Unknown,Michigan,Detroit,United States,42.3315509,-83.046640300000007
3118,2005,Leader,Unknown,Unknown,Arizona,Prescott,United States,34.539984,-112.468812
3119,2001,Follower,Unknown,Unknown,Washington,Olympia,United States,47.0451022,-122.8950075
3123,1996,Associate,Unknown,Unknown,Washington,Wenatchee,United States,47.4234599,-120.310349
3124,2001,NoGroup,Unknown,Unknown,Vermont,St. Albans,United States,44.8107911,-73.0833607
3125,2007,Follower,Unknown,Unknown,Texas,Lufkin,United States,31.3386242,-94.7288558
3126,2009,Follower,NotRecruited,Not recruited,Kansas,Kansas City,United States,39.1134562,-94.626497
3127,2009,NoGroup,NotRecruited,Not recruited,Maryland,Annapolis,United States,38.9786401,-76.492786
3128,1999,Unknown,NotRecruited,Not recruited,California,Palo Cedro,United States,40.5637631,-122.238891
3132,1984,NoGroup,NotRecruited,Not recruited,Washington,Everett,United States,47.9793437,-122.2127011
3133,1979,NoGroup,Unknown,Unknown,New York,New York,United States,40.7127281,-74.0060152
3134,1982,Leader,NotRecruited,Not recruited,Texas,Pearland,United States,29.5639758,-95.2864299
3136,2011,Leader,Unknown,Unknown,District of Columbia,Washington,United States,38.8950982,-77.0363849
3137,1995,Unknown,Unknown,Unknown,Kansas,Wichita,United States,37.6922361,-97.3375448
3138,1985,Follower,Unknown,Unknown,Maryland,Bowie,United States,39.0080601,-76.7797899
3139,1995,Follower,Unknown,Unknown,Maryland,Bowie,United States,39.0080601,-76.7797899
3143,1982,Follower,Unknown,Unknown,Texas,New Caney,United States,30.155216,-95.2113221
3144,2003,Unknown,NotRecruited,Not recruited,Florida,Coconut Creek,United States,26.2517482,-80.1789351
3146,1994,Follower,Unknown,Unknown,Virginia,Chesapeake,United States,36.7168315,-76.2494453
3148,1999,Follower,NotRecruited,Not recruited,California,Palo Cedro,United States,40.5637631,-122.238891
3150,1994,Follower,Unknown,Unknown,New Hampshire,Walpole,United States,43.0794881,-72.4259454
3151,1984,Follower,Unknown,Unknown,Texas,New Caney,United States,30.155216,-95.2113221
3153,1994,Follower,Recruited,Unknown,Virginia,Norfolk,United States,36.8493695,-76.2899539
3154,1985,Follower,Unknown,Unknown,Maryland,Bowie,United States,39.0080601,-76.7797899
3158,1955,NoGroup,NotRecruited,Not recruited,New Hampshire,Hampton,United States,42.9417199,-70.8378746
3159,1996,Associate,Recruited,Family,North Carolina,Topton,United States,35.2470348,-83.7032269
3160,1985,Unknown,Unknown,Unknown,Maryland,Laurel,United States,39.0984317,-76.8485094
3161,1995,NoGroup,NotRecruited,Not recruited,New Mexico,Albuquerque,United States,35.0841034,-106.650985
3163,2010,Leader,Recruited,Other,Georgia,Carrollton,United States,33.5801103,-85.0766113
3165,1995,NoGroup,NotRecruited,Not recruited,Wisconsin,Caledonia,United States,42.7870581,-87.8043925
3167,1988,Unknown,Unknown,Unknown,Missouri,Kansas City,United States,39.100105,-94.5781416
3168,1991,Leader,Unknown,Unknown,South Carolina,Summerville,United States,33.0186699,-80.1762704
3169,1998,Unknown,Unknown,Unknown,Florida,Bradenton,United States,27.4989278,-82.5748194
3171,2004,Associate,Recruited,Other,Kansas,Wichita,United States,37.6922361,-97.3375448
3173,1992,Leader,Unknown,Unknown,Texas,Houston,United States,29.7589382,-95.3676974
3174,1975,Leader,NotRecruited,Not recruited,Louisiana,Gentilly Woods,United States,30.0104799,-90.0367375
3175,1998,Follower,NotRecruited,Not recruited,Florida,Bradenton,United States,27.4989278,-82.5748194
3176,2011,Leader,NotRecruited,Not recruited,North Carolina,Concord,United States,35.4094178,-80.5800049
3178,2003,Follower,Unknown,Unknown,North Carolina,Asheville,United States,35.595363,-82.5508407
3180,1986,Leader,NotRecruited,Not recruited,Delaware,Newark,United States,39.6828358,-75.7515682
3181,1963,Leader,Unknown,Unknown,South Carolina,Orangeburg,United States,33.4918203,-80.8556476
3182,1986,NoGroup,Unknown,Unknown,Florida,Pensacola,United States,30.421309,-87.2169149
3184,1987,Follower,Unknown,Unknown,California,El Cajon,United States,32.7947731,-116.962526
3185,1988,Associate,Recruited,Group member,New York,New York,United States,40.7127281,-74.0060152
3187,1988,Leader,NotRecruited,Not recruited,Texas,Austin,United States,30.2711286,-97.7436995
3200,1988,Leader,Recruited,Family,California,Santa Clara,United States,37.3541132,-121.955174
3203,1990,Leader,Unknown,Unknown,Ohio,Sylvania,United States,41.7188956,-83.7127729
3207,1991,Unknown,Unknown,Unknown,Wisconsin,West Allis,United States,43.0166806,-88.0070315
3211,2003,Follower,Unknown,Unknown,Virginia,-99,United States,NA,NA
3213,1992,Leader,Unknown,Unknown,New York,Tonawanda,United States,43.020679,-78.878383
3215,1992,Leader,NotRecruited,Not recruited,Michigan,Detroit,United States,42.3315509,-83.046640300000007
3216,1992,Follower,Unknown,Unknown,New York,New York,United States,40.7127281,-74.0060152
3218,1985,Follower,Unknown,Unknown,Florida,Cantonment,United States,30.605427,-87.344442
3221,1994,Leader,NotRecruited,Not recruited,Virginia,Norfolk,United States,36.8493695,-76.2899539
3224,2000,NoGroup,Unknown,Unknown,Pennsylvania,Wilkinsburg,United States,40.4418068,-79.8819609
3228,1984,Follower,Recruited,Friend,Florida,Pensacola,United States,30.421309,-87.2169149
3230,1980,Leader,NotRecruited,Not recruited,Missouri,Saint Louis,United States,38.6254063,-90.190009
3231,1987,NoGroup,Unknown,Unknown,California,El Cajon,United States,32.7947731,-116.962526
3236,1988,Leader,NotRecruited,Not recruited,Arizona,Tempe,United States,33.4255117,-111.940016
3237,1989,Unknown,Unknown,Unknown,Massachusetts,Boston,United States,42.3588336,-71.0578303
3238,1988,Leader,Unknown,Unknown,Georgia,Atlanta,United States,33.7544657,-84.3898151
3239,1991,Leader,Unknown,Unknown,Ohio,Cleveland,United States,41.4996574,-81.6936772
3241,1991,Associate,Unknown,Unknown,Missouri,Neosho,United States,36.8665201,-94.3701651
3244,1992,Leader,NotRecruited,Not recruited,New York,Tonawanda,United States,43.020679,-78.878383
3246,2006,Follower,NotRecruited,Not recruited,Missouri,Belton,United States,38.8108097,-94.5313502
3248,1985,Leader,NotRecruited,Not recruited,Florida,Cantonment,United States,30.605427,-87.344442
3250,1986,NoGroup,NotRecruited,Not recruited,Pennsylvania,Upper Darby,United States,39.9284459,-75.2737955
3251,1986,Leader,NotRecruited,Not recruited,Illinois,Chicago,United States,41.8755616,-87.6244212
3253,1985,Unknown,Unknown,Unknown,New York,Manhattan,United States,40.7579554,-73.9855319
3255,1988,NoGroup,NotRecruited,Not recruited,Pennsylvania,-99,United States,NA,NA
3257,1988,Leader,NotRecruited,Not recruited,New York,Binghamton,United States,42.098698,-75.9125187
3258,1992,Leader,Unknown,Unknown,Pennsylvania,Philadelphia,United States,39.9527237,-75.1635262
3259,1988,Unknown,Unknown,Unknown,Illinois,Addieville,United States,38.391439,-89.4900881
3262,1988,Follower,Unknown,Unknown,Indiana,Hudson,United States,41.5328281,-85.0810793
3263,1988,Follower,Unknown,Unknown,Pennsylvania,Philadelphia,United States,39.9527237,-75.1635262
3273,1989,Unknown,Unknown,Unknown,Tennessee,-99,United States,NA,NA
3275,1990,Associate,Unknown,Unknown,New Jersey,Trenton,United States,40.2203074,-74.7659
3276,1991,Follower,Unknown,Unknown,Minnesota,Redwood Falls,United States,44.5393721,-95.1164478
3281,1992,Follower,Unknown,Unknown,California,San Francisco,United States,37.7879363,-122.4075201
3285,1991,Leader,Unknown,Unknown,Ohio,Cincinnati,United States,39.1012809,-84.5127405
3289,1992,Follower,NotRecruited,Not recruited,New York,-99,United States,NA,NA
3290,1993,Leader,NotRecruited,Not recruited,Texas,Houston,United States,29.7589382,-95.3676974
3291,1993,Follower,NotRecruited,Not recruited,Florida,Pensacola,United States,30.421309,-87.2169149
3293,1994,NoGroup,NotRecruited,Not recruited,Florida,Pensacola,United States,30.421309,-87.2169149
3294,1995,NoGroup,NotRecruited,Not recruited,Washington,Wenatchee,United States,47.4234599,-120.310349
3296,1984,Leader,NotRecruited,Not recruited,Florida,Cantonment,United States,30.605427,-87.344442
3307,1991,Follower,Unknown,Unknown,New York,Binghamton,United States,42.098698,-75.9125187
3312,1990,Unknown,Unknown,Unknown,California,-99,United States,37.4122712,-121.9576697
3313,1990,NoGroup,Recruited,Friend,New York,Brooklyn,United States,40.6526006,-73.9497211
3318,1992,Leader,Unknown,Unknown,Washington,Spokane,United States,47.6571934,-117.42351
3319,1993,Follower,Unknown,Unknown,Florida,-99,United States,27.0712127,-82.3200247
3320,1998,Leader,NotRecruited,Not recruited,Florida,-99,United States,27.0712127,-82.3200247
3329,1991,NoGroup,NotRecruited,Not recruited,Kansas,Wichita,United States,37.6922361,-97.3375448
3331,1992,Leader,Unknown,Unknown,New York,Sag Harbor,United States,40.9978727,-72.2922292
3336,1988,Leader,NotRecruited,Not recruited,New York,New York,United States,40.7127281,-74.0060152
3340,2001,Follower,NotRecruited,Not recruited,Pennsylvania,Kennerdell,United States,41.2664484,-79.8406089
3341,1993,Follower,Unknown,Unknown,Oregon,Grants Pass,United States,42.4393707,-123.3272489
3345,1994,Leader,Recruited,Family,Maryland,Bowie,United States,39.0080601,-76.7797899
3346,1993,NoGroup,NotRecruited,Not recruited,New York,New York,United States,40.7127281,-74.0060152
3347,2008,NoGroup,NotRecruited,Not recruited,Tennessee,Knoxville,United States,35.9603948,-83.9210261
3348,2003,Leader,NotRecruited,Not recruited,Illinois,East Peoria,United States,40.666149,-89.5800978
3351,2003,Unknown,Unknown,Unknown,Texas,Tyler,United States,32.3512601,-95.3010624
3354,1994,Leader,NotRecruited,Not recruited,Mississippi,Jackson,United States,32.2998686,-90.1830408
3355,1994,Leader,Unknown,Unknown,Texas,Houston,United States,29.7589382,-95.3676974
3356,1997,NoGroup,NotRecruited,Not recruited,Virginia,Nokesville,United States,38.6988399,-77.5807553
3357,1993,Associate,Unknown,Unknown,Louisiana,Lake Charles,United States,30.2305095,-93.2169807
3358,1994,Follower,Recruited,Group member,New York,Auburn,United States,42.9320202,-76.5672029
3363,2008,Leader,Unknown,Unknown,Maryland,Rockville,United States,39.0817985,-77.1516844
3364,1983,NoGroup,NotRecruited,Not recruited,Ohio,Middleburg Heights,United States,41.3614401,-81.812912
3367,2008,Leader,NotRecruited,Not recruited,Tennessee,Columbia,United States,35.6148165,-87.0338464
3370,2003,Follower,Recruited,Group member,North Carolina,Sampson County,United States,NA,NA
3372,2006,Follower,Recruited,Friend,Florida,New Port Richey,United States,28.2441768,-82.7192671
3374,2004,Unknown,NotRecruited,Not recruited,Tennessee,Carroll County,United States,NA,NA
3375,2006,NoGroup,NotRecruited,Not recruited,Arizona,Tucson,United States,32.2228765,-110.974847
3380,2005,Follower,Unknown,Unknown,Tennessee,South Pittsburg,United States,35.0122635,-85.7058445
3381,2005,NoGroup,Unknown,Unknown,California,Lake Elsinore,United States,33.6680772,-117.3272615
3382,1996,NoGroup,NotRecruited,Not recruited,Tennessee,Jackson,United States,35.6144446,-88.8177418
3383,2005,Follower,Unknown,Unknown,-99,-99,United States,NA,NA
3388,2008,Follower,Unknown,Unknown,Tennessee,Columbia,United States,35.6148165,-87.0338464
3391,2003,Follower,Unknown,Unknown,North Carolina,Lumberton,United States,34.6183305,-79.008205
3393,2005,Leader,NotRecruited,Not recruited,Indiana,Indianapolis,United States,39.7683331,-86.1583502
3395,2004,Associate,Unknown,Unknown,Arizona,Tucson,United States,32.2228765,-110.974847
3399,1992,Leader,NotRecruited,Not recruited,California,Sierra Vista,United States,37.1513327,-120.2862884
3400,1999,Follower,Unknown,Unknown,Illinois,Wilmette,United States,42.076066,-87.7115555
3405,2008,Follower,Unknown,Unknown,Tennessee,Columbia,United States,35.6148165,-87.0338464
3407,2020,Leader,Unknown,Unknown,Oregon,Grants Pass,United States,42.4393707,-123.3272489
3409,2006,Leader,Unknown,Unknown,Utah,Salt Lake City,United States,40.7596198,-111.886797
3411,1995,Associate,NotRecruited,Not recruited,Michigan,Lapeer,United States,43.0514161,-83.3188341
3413,2000,Leader,Unknown,Unknown,Texas,-99,United States,32.9944454,-97.2295308
3415,2006,Follower,Unknown,Unknown,Oregon,Springfield,United States,44.0462362,-123.0220289
3416,2001,Leader,Unknown,Unknown,Arizona,Phoenix,United States,33.4484367,-112.074141
3423,2005,Leader,NotRecruited,Not recruited,Virginia,Charlottesville,United States,38.029306,-78.4766781
3424,2002,Leader,Unknown,Unknown,Oregon,Springfield,United States,44.0462362,-123.0220289
3426,2007,Follower,Unknown,Unknown,Texas,Burleson,United States,32.5420821,-97.3208492
3427,1989,NoGroup,Unknown,Unknown,Delaware,Newark,United States,39.6828358,-75.7515682
3428,2006,Leader,Unknown,Unknown,Ohio,Cincinnati,United States,39.1012809,-84.5127405
3429,2006,Leader,NotRecruited,Not recruited,Arizona,Phoenix,United States,33.4484367,-112.074141
3432,2002,Follower,Unknown,Unknown,Utah,Salt Lake City,United States,40.7596198,-111.886797
3434,2007,Follower,NotRecruited,Not recruited,Texas,Burleson,United States,32.5420821,-97.3208492
3436,2006,Follower,Unknown,Unknown,Kentucky,Dawson Springs,United States,37.1672684,-87.6925074
3437,2006,Follower,Unknown,Unknown,California,Coarsegold,United States,37.2621687,-119.700983
3441,2002,Follower,Unknown,Unknown,Arizona,Phoenix,United States,33.4484367,-112.074141
3443,2007,Follower,Unknown,Unknown,Nevada,Las Vegas,United States,36.1674263,-115.1484131
3445,2006,NoGroup,NotRecruited,Not recruited,California,Coarsegold,United States,37.2621687,-119.700983
3446,2002,Leader,Unknown,Unknown,North Carolina,Raleigh,United States,35.7803977,-78.6390989
3447,2004,Leader,Unknown,Unknown,California,Costa Mesa,United States,33.6633386,-117.903317
3448,2004,NoGroup,Unknown,Unknown,Oklahoma,-99,United States,NA,NA
3451,2007,Leader,Unknown,Unknown,Texas,Mesquite,United States,32.7666103,-96.599472
3452,1988,Follower,Recruited,Group member,Oregon,Portland,United States,45.5202471,-122.674194
3453,2007,Leader,Unknown,Unknown,Arizona,Phoenix,United States,33.4484367,-112.074141
3456,2008,Associate,Unknown,Unknown,Oregon,Portland,United States,45.5202471,-122.674194
3457,2004,Follower,Unknown,Unknown,Massachusetts,Buzzards Bay,United States,41.7452589,-70.6154965
3458,2006,NoGroup,NotRecruited,Not recruited,Maryland,Forestville,United States,38.8451131,-76.8749722
3460,2005,Follower,Unknown,Unknown,New Jersey,Pennsville,United States,39.6534464,-75.5165881
3461,2004,Follower,Recruited,Unknown,Idaho,Coeur d'Alene,United States,47.6742994,-116.7811531
3462,1995,NoGroup,NotRecruited,Not recruited,Texas,Tyler,United States,32.3512601,-95.3010624
3464,1995,Follower,Recruited,Group member,Oklahoma,Vernon,United States,35.2156532,-95.9258318
3467,1995,Follower,Recruited,Group member,Pennsylvania,Philadelphia,United States,39.9527237,-75.1635262
3468,1994,Leader,Unknown,Unknown,Pennsylvania,Ardmore,United States,40.0079414,-75.2911485
3469,1997,Associate,Unknown,Unknown,Pennsylvania,Hereford,United States,40.4485694,-75.5523057
3470,1996,Associate,Recruited,Friend,Ohio,Cincinnati,United States,39.1012809,-84.5127405
3472,1996,Leader,Unknown,Unknown,Georgia,Roberta,United States,32.7219973,-84.0130926
3474,1996,Unknown,Unknown,Unknown,Arizona,-99,United States,NA,NA
3475,1996,Leader,NotRecruited,Not recruited,Washington,Bellingham,United States,48.7544012,-122.478836
3476,1996,Follower,Unknown,Unknown,Idaho,Sandpoint,United States,48.2761306,-116.5487835
3478,1996,Leader,Unknown,Unknown,Idaho,Sandpoint,United States,48.2761306,-116.5487835
3480,1996,Leader,NotRecruited,Not recruited,West Virginia,Stonewood,United States,39.2509238,-80.3123114
3482,1997,Follower,Unknown,Unknown,Michigan,Kalamazoo,United States,42.291707,-85.5872286
3484,1997,Follower,Unknown,Unknown,Texas,Boyd,United States,33.0788867,-97.5654422
3485,1997,Follower,Unknown,Unknown,Texas,Boyd,United States,33.0788867,-97.5654422
3486,1997,Follower,Unknown,Unknown,Texas,Boyd,United States,33.0788867,-97.5654422
3489,1997,Leader,Unknown,Unknown,California,Olivehurst,United States,39.0953715,-121.5517753
3490,1995,Follower,Recruited,Friend,Iowa,Dubuque,United States,42.5006243,-90.6647985
3491,1998,Leader,Unknown,Unknown,Illinois,Wood River,United States,38.861159,-90.0976069
3492,1998,Leader,Unknown,Unknown,Michigan,Battle Creek,United States,42.3192548,-85.1824269
3494,1998,Follower,Unknown,Unknown,Michigan,Olivet,United States,42.4414273,-84.9241542
3495,1998,Unknown,Unknown,Unknown,Colorado,Dove Creek,United States,37.7661,-108.905939
3496,1998,Follower,NotRecruited,Not recruited,Colorado,Durango,United States,37.2769484,-107.8766
3498,1998,Unknown,Unknown,Unknown,Texas,Los Fresnos,United States,26.0714502,-97.4770792
3499,1998,Follower,Unknown,Unknown,Texas,Olmito,United States,26.0194434,-97.5347089
3500,1998,Follower,Unknown,Unknown,South Carolina,Abbeville,United States,34.1779495,-82.3792463
3501,1999,Follower,Unknown,Unknown,Alabama,Mobile,United States,30.6913462,-88.0437509
3503,1999,Unknown,Unknown,Unknown,California,Camino,United States,38.7382366,-120.6749302
3897,1998,Follower,Unknown,Unknown,Illinois,Salem,United States,38.6269929,-88.9456158
3506,1999,Leader,Unknown,Unknown,Georgia,Atlanta,United States,33.7544657,-84.3898151
3507,2001,Unknown,NotRecruited,Not recruited,Kentucky,Somerset,United States,37.0920222,-84.6041084
3508,2001,Leader,Recruited,Other,California,Los Angeles,United States,34.0536909,-118.242766
3511,2002,Leader,NotRecruited,Not recruited,Montana,-99,United States,NA,NA
3513,1999,Follower,Unknown,Unknown,Idaho,Lenore,United States,46.5085066,-116.5509813
3515,2003,Leader,NotRecruited,Not recruited,Pennsylvania,Amwell,United States,40.0758595,-80.2094642
3516,2005,NoGroup,Unknown,Unknown,Idaho,Grangeville,United States,45.926552,-116.122326
3517,2003,NoGroup,NotRecruited,Not recruited,California,San Fernando,United States,34.28497,-118.437652
3518,2003,Follower,Unknown,Unknown,Michigan,Wexford County,United States,NA,NA
3519,2004,NoGroup,NotRecruited,Not recruited,Tennessee,Knoxville,United States,35.9603948,-83.9210261
3520,2005,Unknown,Unknown,Unknown,New Jersey,Manchester Township,United States,39.9734957,-74.3816966
3522,2006,Leader,NotRecruited,Not recruited,New Jersey,Phillipsburg,United States,40.6915611,-75.1952543
3523,2013,NoGroup,NotRecruited,Not recruited,Alabama,Fort Mitchell,United States,32.341536,-85.0215983
3524,2012,NoGroup,NotRecruited,Not recruited,Virginia,Herndon,United States,38.9695316,-77.3859479
3525,2012,Follower,Unknown,Unknown,Colorado,Denver,United States,39.7392364,-104.984862
3527,2011,Follower,Unknown,Unknown,Georgia,Fort Stewart,United States,31.8694349,-81.6077657
3528,2011,Follower,Unknown,Unknown,Alabama,Dothan,United States,31.2237285,-85.3934375
3535,1990,Follower,Unknown,Unknown,Tennessee,Clarksville,United States,36.5277607,-87.3588703
3538,2011,Follower,Recruited,Other,Georgia,-99,United States,NA,NA
3545,1990,Associate,NotRecruited,Not recruited,Idaho,Ruby Ridge,United States,48.6205235,-116.43296
3546,2010,Unknown,NotRecruited,Not recruited,Ohio,Springfield,United States,39.9234046,-83.810138
3547,1990,Follower,Recruited,Family,Florida,Jacksonville,United States,30.3262247,-81.6579179
3550,2011,Leader,NotRecruited,Not recruited,Washington,Cashmere,United States,47.5223816,-120.469039
3554,2011,Follower,Unknown,Unknown,California,Sacramento,United States,38.5810606,-121.493895
3556,2021,Follower,Unknown,Unknown,Washington,Vancouver,United States,45.6306954,-122.6744557
3559,2011,Leader,Unknown,Unknown,Georgia,-99,United States,NA,NA
3561,1981,Leader,NotRecruited,Not recruited,Alabama,Athens,United States,34.8045487,-86.9711698
3573,2006,Leader,Unknown,Unknown,Louisiana,Mansfield,United States,32.0218301,-93.7143492
3574,2007,NoGroup,NotRecruited,Not recruited,Texas,Rockwall,United States,32.9312336,-96.4597089
3577,2007,Follower,Unknown,Unknown,Missouri,Kirksville,United States,40.1948848,-92.5833939
3580,2020,Follower,Unknown,Unknown,Texas,-99,United States,32.9944454,-97.2295308
3582,2012,Leader,Unknown,Unknown,Alabama,Ozark,United States,31.4584764,-85.6405865
3586,2011,NoGroup,NotRecruited,Not recruited,Wisconsin,Marshfield,United States,44.6662287,-90.1740313
3591,2009,Follower,NotRecruited,Not recruited,Montana,Billings,United States,45.7874957,-108.49607
3592,2010,NoGroup,NotRecruited,Not recruited,Texas,Austin,United States,30.2711286,-97.7436995
3595,2009,Leader,Unknown,Unknown,Nevada,Henderson,United States,36.0319602,-114.9822716
3596,2009,NoGroup,NotRecruited,Not recruited,Florida,Fort Walton Beach,United States,30.4057552,-86.618842
3597,2008,Unknown,NotRecruited,Not recruited,Florida,Ormond Beach,United States,29.2854132,-81.0557921
3599,2011,Follower,Recruited,Group member,Georgia,Fort Stewart,United States,31.8694349,-81.6077657
3601,1995,Follower,Recruited,Other,Wisconsin,Milwaukee,United States,43.0386475,-87.9090751
3602,2009,Leader,Unknown,Unknown,Florida,Miami,United States,25.7741566,-80.1935973
3604,2007,Leader,NotRecruited,Not recruited,Missouri,Springfield,United States,37.2081729,-93.2922715
3605,2005,Leader,Unknown,Unknown,California,Ventura,United States,34.2783355,-119.293174
3607,2008,Follower,Unknown,Unknown,Pennsylvania,Troutville,United States,41.0245662,-78.7868336
3608,1991,Leader,Unknown,Unknown,Pennsylvania,Ulysses,United States,41.9039569,-77.7619374
3609,2009,NoGroup,NotRecruited,Not recruited,Florida,Gainesville,United States,29.6519684,-82.3249846
3612,2007,Follower,Unknown,Unknown,West Virginia,Frost,United States,38.2706775,-79.8806124
3613,2010,NoGroup,NotRecruited,Not recruited,Illinois,Fairview Heights,United States,38.5889386,-89.990382
3617,2012,Unknown,Unknown,Unknown,Illinois,Junction,United States,37.72338,-88.2367046
3624,2007,Leader,Unknown,Unknown,Florida,Orlando,United States,28.5421218,-81.379045
3625,2008,Follower,NotRecruited,Not recruited,Missouri,-99,United States,NA,NA
3626,2008,Follower,Recruited,Unknown,Ohio,-99,United States,NA,NA
3629,2008,Leader,NotRecruited,Not recruited,Pennsylvania,Lucinda,United States,41.308396,-79.3697665
3634,2009,NoGroup,NotRecruited,Not recruited,Pennsylvania,Pittsburgh,United States,40.4406968,-80.0025666
3637,2008,Follower,Unknown,Unknown,Tennessee,Bells,United States,35.7113362,-89.0876655
3642,2006,NoGroup,NotRecruited,Not recruited,Nevada,Las Vegas,United States,36.1674263,-115.1484131
3643,1997,Leader,NotRecruited,Not recruited,Texas,El Paso,United States,31.7601001,-106.4870476
3644,2007,Associate,Unknown,Unknown,Alaska,-99,United States,NA,NA
3645,2006,Follower,Unknown,Unknown,California,Joshua Tree,United States,34.1350358,-116.315277
3650,2009,Associate,Unknown,Unknown,Mississippi,Hernando,United States,34.8239518,-89.9937018
3651,2009,Leader,Unknown,Unknown,Missouri,Pineville,United States,36.5945173,-94.3841031
3652,2005,Follower,Unknown,Unknown,New Jersey,Atlantic City,United States,39.3642852,-74.4229351
3653,2008,Follower,NotRecruited,Not recruited,Arkansas,Helena,United States,34.5266746,-90.586274
3654,2009,Associate,Unknown,Unknown,Nebraska,Wolbach,United States,41.3970137,-98.3961172
3655,2000,Unknown,NotRecruited,Not recruited,Montana,Cascade County,United States,NA,NA
3657,2007,Leader,Unknown,Unknown,New Hampshire,Plainfield,United States,43.5344955,-72.3563296
3659,2008,Follower,Unknown,Unknown,Indiana,-99,United States,NA,NA
3660,2006,Follower,Unknown,Unknown,California,Big Bear Lake,United States,34.2440587,-116.91018
3665,1974,Leader,NotRecruited,Not recruited,Georgia,Atlanta,United States,33.7544657,-84.3898151
3668,2008,Leader,Unknown,Unknown,Texas,Jacksonville,United States,31.963778,-95.2705042
3669,2009,Associate,Unknown,Unknown,Oregon,Eugene,United States,44.0505054,-123.0950506
3673,2006,Follower,Unknown,Unknown,New Hampshire,Plainfield,United States,43.5344955,-72.3563296
3674,2006,Follower,Unknown,Unknown,Indiana,Indianapolis,United States,39.7683331,-86.1583502
3675,2008,Leader,Unknown,Unknown,Pennsylvania,DuBois,United States,41.118651,-78.7622342
3678,1993,Leader,Recruited,Group member,Florida,Niceville,United States,30.5168639,-86.482172
3684,2007,Follower,Unknown,Unknown,Vermont,Randolph,United States,43.9253287,-72.6659422
3685,2005,Leader,NotRecruited,Not recruited,Indiana,Indianapolis,United States,39.7683331,-86.1583502
3686,2003,Leader,NotRecruited,Not recruited,New Hampshire,Warren,United States,43.9250655,-71.8920762
3689,1993,Leader,Unknown,Unknown,Washington,Auburn,United States,47.3075369,-122.2301808
3694,2002,Associate,Unknown,Unknown,Indiana,-99,United States,NA,NA
3695,2004,Leader,NotRecruited,Not recruited,Washington,Spokane,United States,47.6571934,-117.42351
3701,2007,Follower,Unknown,Unknown,New York,Cohoes,United States,42.7742446,-73.7001187
3702,1991,Follower,Unknown,Unknown,Arizona,Mesa,United States,33.4151005,-111.831455
3703,1994,Leader,NotRecruited,Not recruited,Texas,Waco,United States,31.5491899,-97.1474628
3706,1998,Leader,Unknown,Unknown,Pennsylvania,-99,United States,NA,NA
3708,2007,Follower,NotRecruited,Not recruited,Texas,Alice,United States,27.7522487,-98.0697249
3709,2000,Leader,Recruited,Family,New Mexico,Albuquerque,United States,35.0841034,-106.650985
3714,2008,Follower,Unknown,Unknown,Ohio,Logan,United States,39.5398708,-82.4084891
3758,2009,Leader,NotRecruited,Not recruited,New York,New York,United States,40.7127281,-74.0060152
3768,1997,NoGroup,Unknown,Unknown,Oklahoma,Ponca City,United States,36.703647,-97.081898
3770,2006,Follower,NotRecruited,Not recruited,Minnesota,Minneapolis,United States,44.9772995,-93.2654692
3775,2021,Follower,Unknown,Unknown,Texas,Spicewood,United States,30.4759222,-98.1566355
3776,2001,Follower,NotRecruited,Not recruited,-99,-99,United States,NA,NA
3778,2008,Follower,Unknown,Unknown,Indiana,Indianapolis,United States,39.7683331,-86.1583502
3780,2003,Associate,Unknown,Unknown,Washington,Tacoma,United States,47.2455013,-122.438329
3781,2009,Unknown,Unknown,Unknown,New Jersey,North Bergen,United States,40.8042674,-74.012084
3783,2013,Leader,Unknown,Unknown,Kentucky,Garrard County,United States,NA,NA
3784,1965,Leader,NotRecruited,Not recruited,Alabama,Tuscaloosa,United States,33.2095614,-87.5675258
3789,1995,Leader,NotRecruited,Not recruited,Montana,Noxon,United States,47.9951247,-115.780307
3793,2003,Follower,Unknown,Unknown,Washington,-99,United States,45.6934177,-122.6569957
3795,1976,Follower,NotRecruited,Not recruited,Arizona,Douglas,United States,31.3449858,-109.5544851
3796,1999,Unknown,Unknown,Unknown,New Hampshire,Hampton,United States,42.9417199,-70.8378746
3803,1995,Leader,NotRecruited,Not recruited,Alabama,-99,United States,NA,NA
3804,2011,Leader,Unknown,Unknown,California,Palmdale,United States,34.5793131,-118.11711
3807,2004,Associate,Unknown,Unknown,New Jersey,Old Bridge,United States,40.3913195,-74.3328038
3810,1976,NoGroup,NotRecruited,Not recruited,Arizona,-99,United States,NA,NA
3811,1999,Follower,Unknown,Unknown,-99,-99,United States,NA,NA
3812,1988,Follower,NotRecruited,Not recruited,California,Los Angeles,United States,34.0536909,-118.242766
3817,1981,Leader,Unknown,Unknown,Texas,-99,United States,32.9944454,-97.2295308
3818,1959,Leader,NotRecruited,Not recruited,Virginia,Arlington,United States,38.8903961,-77.0841585
3821,2002,Leader,Unknown,Unknown,Pennsylvania,Potter County,United States,NA,NA
3823,1995,NoGroup,Unknown,Unknown,Tennessee,Madison,United States,36.2561646,-86.7138861
3834,1994,Leader,Unknown,Unknown,Kansas,Pittsburg,United States,37.4108841,-94.70496
3836,1993,Leader,NotRecruited,Not recruited,Texas,Garland,United States,32.912624,-96.6388833
3837,1998,Follower,Unknown,Unknown,Nebraska,Louisville,United States,40.9977765,-96.1622352
3838,2002,Unknown,Unknown,Unknown,Florida,Seminole,United States,27.8400919,-82.7911248
3841,1990,Leader,NotRecruited,Not recruited,Idaho,Hayden Lake,United States,47.7587944,-116.756857
3847,1992,Leader,NotRecruited,Not recruited,Texas,Nacogdoches,United States,31.6037322,-94.6559702
3848,2014,Leader,NotRecruited,Not recruited,North Carolina,Angier,United States,35.5071045,-78.7391813
3856,1973,NoGroup,NotRecruited,Not recruited,Arizona,Mesa,United States,33.4151005,-111.831455
3858,2000,Follower,Unknown,Unknown,Indiana,Fort Wayne,United States,41.0799898,-85.1386015
3860,1985,Leader,NotRecruited,Not recruited,Washington,Metaline Falls,United States,48.8636212,-117.371888
3861,1975,Leader,NotRecruited,Not recruited,California,Los Angeles,United States,34.0536909,-118.242766
3864,2000,Leader,NotRecruited,Not recruited,Ohio,Mansfield,United States,40.75839,-82.5154471
3865,1994,Associate,NotRecruited,Not recruited,North Dakota,Grafton,United States,48.4122108,-97.410634
3867,1977,NoGroup,NotRecruited,Not recruited,Arizona,Mesa,United States,33.4151005,-111.831455
3872,1996,Leader,Unknown,Unknown,Oregon,Fairview,United States,45.5385457,-122.4330512
3873,1978,Follower,Unknown,Unknown,Oregon,Portland,United States,45.5202471,-122.674194
3874,2000,Follower,Unknown,Unknown,California,Davis,United States,38.5435526,-121.739005
3877,1986,Leader,NotRecruited,Not recruited,Connecticut,New Haven,United States,41.3082138,-72.9250518
3878,1994,Follower,Recruited,Friend,Michigan,Hillsdale,United States,41.9200472,-84.6305101
3884,1987,Follower,Recruited,Group member,Arkansas,Gentry,United States,36.2675793,-94.4846602
3885,1954,Follower,Unknown,Unknown,Georgia,Marietta,United States,33.9528472,-84.5496148
3887,2003,Leader,Unknown,Unknown,Alabama,-99,United States,NA,NA
3889,1973,Leader,Unknown,Unknown,Oklahoma,Elohim City,United States,35.6422643,-94.5146952
3890,2002,Leader,Unknown,Unknown,Arizona,-99,United States,NA,NA
3894,1976,NoGroup,NotRecruited,Not recruited,Illinois,South Holland,United States,41.6008681,-87.6069894
3898,1979,Leader,NotRecruited,Not recruited,North Carolina,Mount Holly,United States,35.2976298,-81.0161686
3899,1984,Follower,Recruited,Unknown,Idaho,Athol,United States,47.9479601,-116.707974
3900,2001,Leader,NotRecruited,Not recruited,Massachusetts,-99,United States,NA,NA
3904,1997,Follower,Unknown,Unknown,Oklahoma,Jet,United States,36.6661416,-98.1811787
3905,2006,Leader,Unknown,Unknown,Ohio,-99,United States,NA,NA
3908,1983,Leader,Unknown,Unknown,North Dakota,Heaton,United States,47.4783319,-99.5478963
3910,1997,Follower,Unknown,Unknown,Oklahoma,Alfalfa,United States,35.2189456,-98.6072856
3911,1997,Follower,Unknown,Unknown,Florida,Tampa,United States,27.9449854,-82.4583107
3912,1980,Leader,Unknown,Unknown,Arkansas,Harrison,United States,36.2297936,-93.1076765
3913,2021,Follower,Unknown,Unknown,New York,Bayville,United States,40.9105988,-73.5620864
3915,2001,Follower,Unknown,Unknown,New Jersey,Ocean,United States,NA,NA
3917,1998,Follower,Unknown,Unknown,Ohio,Lancaster,United States,39.7136754,-82.5993294
3919,1983,Associate,Unknown,Unknown,North Dakota,Heaton,United States,47.4783319,-99.5478963
3920,2005,Leader,NotRecruited,Not recruited,Virginia,Richmond,United States,37.5385087,-77.43428
3924,1997,Leader,Unknown,Unknown,Colorado,Denver,United States,39.7392364,-104.984862
3926,2002,Follower,Unknown,Unknown,California,Anaheim,United States,33.8347516,-117.911732
3941,2008,Leader,Unknown,Unknown,Kentucky,Meade County,United States,NA,NA
3942,1994,Follower,Unknown,Unknown,Illinois,Chicago,United States,41.8755616,-87.6244212
3949,1979,Leader,Unknown,Unknown,Ohio,Dayton,United States,39.7589478,-84.1916069
3961,1999,Follower,Unknown,Unknown,Washington,-99,United States,45.6934177,-122.6569957
3962,2002,Unknown,Unknown,Unknown,Arizona,-99,United States,NA,NA
3964,1993,Follower,Unknown,Unknown,Maryland,Elkton,United States,39.6065073,-75.8330934
3972,1982,Leader,Recruited,Family,California,Fallbrook,United States,33.3820654,-117.2513896
3973,2002,Leader,Unknown,Unknown,Alaska,Anchorage,United States,61.2163129,-149.894852
3975,2001,Leader,Unknown,Unknown,Ohio,Galena,United States,40.2150625,-82.8799013
3982,1994,Leader,Recruited,Family,District of Columbia,Washington,United States,38.8950982,-77.0363849
3983,1993,Leader,NotRecruited,Not recruited,Georgia,Atlanta,United States,33.7544657,-84.3898151
3985,2013,Leader,NotRecruited,Not recruited,Georgia,Savannah,United States,32.0790074,-81.0921335
3989,1984,Leader,Recruited,Other,Wisconsin,Tigerton,United States,44.7404426,-89.0623847
3990,2003,Follower,Unknown,Unknown,Michigan,Fremont,United States,43.467517,-85.942001
3995,2001,Unknown,Unknown,Unknown,Arizona,Phoenix,United States,33.4484367,-112.074141
3997,2000,Follower,Unknown,Unknown,Washington,Spokane,United States,47.6571934,-117.42351
3999,2003,Associate,Unknown,Unknown,New Mexico,Santa Cruz,United States,35.9922268,-106.047302
4003,1998,Leader,Unknown,Unknown,California,Novato,United States,38.1061979,-122.5681191
4007,1997,Follower,Unknown,Unknown,Texas,Austin,United States,30.2711286,-97.7436995
4008,1999,Leader,Recruited,Family,Washington,Colville,United States,48.5465695,-117.905537
4009,1997,Follower,Unknown,Unknown,Washington,Colville,United States,48.5465695,-117.905537
4011,1996,Leader,Unknown,Unknown,Oklahoma,Tulsa,United States,36.1563122,-95.9927516
4012,1997,Leader,NotRecruited,Not recruited,Florida,Tampa,United States,27.9449854,-82.4583107
4013,1996,Follower,Recruited,Family,Florida,Tampa,United States,27.9449854,-82.4583107
4020,1993,Leader,NotRecruited,Not recruited,Colorado,Fort Collins,United States,40.5871782,-105.0770113
4021,1996,Leader,NotRecruited,Not recruited,Montana,Bozeman,United States,45.6794293,-111.044047
4024,2000,Unknown,Recruited,Unknown,Texas,-99,United States,32.9944454,-97.2295308
4028,2001,Leader,Unknown,Unknown,Wyoming,Cheyenne,United States,41.139981,-104.820246
4029,1998,Unknown,Unknown,Unknown,North Carolina,Hayesville,United States,35.0462818,-83.8179427
4031,1995,Associate,NotRecruited,Not recruited,North Carolina,Fort Bragg,United States,35.140311,-79.1541465
4032,1999,NoGroup,NotRecruited,Not recruited,Florida,Tallahassee,United States,30.4380832,-84.2809332
4033,1999,Unknown,Unknown,Unknown,Washington,Olympia,United States,47.0451022,-122.8950075
4036,1999,Leader,Unknown,Unknown,Indiana,Butler,United States,41.4297694,-84.8713507
4037,1998,Associate,Unknown,Unknown,Texas,Fort Worth,United States,32.753177,-97.3327459
4039,2000,Leader,Unknown,Unknown,Colorado,Denver,United States,39.7392364,-104.984862
4040,1998,Follower,NotRecruited,Not recruited,North Carolina,Murphy,United States,35.0878514,-84.0342238
4042,1994,Leader,NotRecruited,Not recruited,Ohio,Columbus,United States,39.9622601,-83.0007065
4043,2006,Leader,Unknown,Unknown,New Jersey,Millville,United States,39.4020593,-75.0393368
4044,1996,Follower,Unknown,Unknown,Oklahoma,Yukon,United States,35.5067259,-97.7625386
4046,1998,Follower,Unknown,Unknown,Texas,Dallas County,United States,NA,NA
4047,1999,Leader,Unknown,Unknown,Ohio,Kettering,United States,39.6895036,-84.1688274
4048,2000,Follower,Unknown,Unknown,Mississippi,Gulfport,United States,30.3674198,-89.0928155
4053,1996,Leader,Unknown,Unknown,Montana,Roundup,United States,46.445242,-108.541799
4056,1968,Leader,NotRecruited,Not recruited,California,San Francisco,United States,37.7879363,-122.4075201
4057,2000,Follower,Unknown,Unknown,Connecticut,Wallingford,United States,41.4564233,-72.8239356
4058,1998,Follower,Unknown,Unknown,Idaho,Hayden Lake,United States,47.7587944,-116.756857
4059,1966,Follower,Unknown,Unknown,Mississippi,Laurel,United States,31.6940509,-89.1306124
4060,1991,Leader,NotRecruited,Not recruited,Louisiana,Shreveport,United States,32.5135356,-93.7477839
4063,2000,Leader,Unknown,Unknown,California,San Diego,United States,32.7174202,-117.162772
4067,1995,Leader,Recruited,Friend,Montana,Jordan,United States,47.32121,-106.910461
4071,2001,Follower,Unknown,Unknown,Connecticut,Terryville,United States,41.6785015,-73.0102202
4072,1998,Follower,Unknown,Unknown,Idaho,Hayden Lake,United States,47.7587944,-116.756857
4075,1987,Leader,NotRecruited,Not recruited,Texas,Garland,United States,32.912624,-96.6388833
4077,1996,Follower,Recruited,Family,Montana,Jordan,United States,47.32121,-106.910461
4080,1993,Leader,NotRecruited,Not recruited,Indiana,Indianapolis,United States,39.7683331,-86.1583502
4083,1999,Follower,Unknown,Unknown,California,North Highlands,United States,38.6857362,-121.3721745
4084,1990,Leader,Recruited,Group member,Arizona,-99,United States,NA,NA
4085,1968,Follower,Unknown,Unknown,Mississippi,Meridian,United States,32.3643098,-88.703656
4087,1996,Follower,Unknown,Unknown,Montana,Jordan,United States,47.32121,-106.910461
4091,1996,Leader,NotRecruited,Not recruited,Texas,Dallas,United States,32.7762719,-96.7968559
4093,1991,Leader,Unknown,Unknown,Washington,-99,United States,45.6934177,-122.6569957
4094,1999,Follower,NotRecruited,Not recruited,California,-99,United States,37.4122712,-121.9576697
4097,1996,Unknown,Unknown,Unknown,Montana,Jordan,United States,47.32121,-106.910461
4098,1999,Unknown,Unknown,Unknown,California,San Diego,United States,32.7174202,-117.162772
4100,1999,Leader,Recruited,Group member,West Virginia,Hillsboro,United States,38.1354376,-80.2131296
4102,1965,Follower,Recruited,Other,North Carolina,Macon County,United States,NA,NA
4105,1998,Follower,Unknown,Unknown,California,-99,United States,37.4122712,-121.9576697
4108,1999,Follower,Unknown,Unknown,California,-99,United States,37.4122712,-121.9576697
4114,1996,Leader,NotRecruited,Not recruited,Alabama,Hartselle,United States,34.4434282,-86.9352842
4115,1995,Follower,Unknown,Unknown,Michigan,Detroit,United States,42.3315509,-83.046640300000007
4121,1996,NoGroup,NotRecruited,Not recruited,California,Los Angeles,United States,34.0536909,-118.242766
4122,1997,Follower,Recruited,Family,Colorado,Denver,United States,39.7392364,-104.984862
4123,1997,Follower,Unknown,Unknown,Colorado,Denver,United States,39.7392364,-104.984862
4125,1995,Leader,Unknown,Unknown,South Carolina,Lexington,United States,33.9804494,-81.2374167
4127,2000,Follower,Recruited,Group member,District of Columbia,Washington,United States,38.8950982,-77.0363849
4129,1998,Follower,NotRecruited,Not recruited,California,-99,United States,37.4122712,-121.9576697
4131,1998,Follower,NotRecruited,Not recruited,Texas,Jasper,United States,30.9201995,-93.9965759
4132,1998,Leader,Unknown,Unknown,Texas,Jasper,United States,30.9201995,-93.9965759
4134,1999,Unknown,Unknown,Unknown,Nevada,-99,United States,NA,NA
4139,1998,Follower,NotRecruited,Not recruited,Wyoming,Laramie,United States,41.3116442,-105.5917876
4143,1989,Follower,NotRecruited,Not recruited,Arizona,Tucson,United States,32.2228765,-110.974847
4145,2004,Follower,NotRecruited,Not recruited,Illinois,Chicago,United States,41.8755616,-87.6244212
4148,2000,Follower,NotRecruited,Not recruited,California,Los Angeles,United States,34.0536909,-118.242766
4150,2003,Leader,Unknown,Unknown,District of Columbia,Washington,United States,38.8950982,-77.0363849
4152,1997,Follower,NotRecruited,Not recruited,Michigan,Detroit,United States,42.3315509,-83.046640300000007
4153,2005,Follower,NotRecruited,Not recruited,New York,Buffalo,United States,42.8864163,-78.8781493
4154,2009,Follower,Unknown,Unknown,California,Los Angeles,United States,34.0536909,-118.242766
4155,2000,Follower,Recruited,Other,Washington,Seattle,United States,47.6038321,-122.330062
4157,1995,Leader,Unknown,Unknown,Minnesota,-99,United States,NA,NA
4158,1982,Leader,Unknown,Unknown,Florida,Gainesville,United States,29.6519684,-82.3249846
4159,1993,Associate,Unknown,Unknown,-99,-99,United States,NA,NA
4163,2009,Follower,Unknown,Unknown,California,Pinole,United States,38.0043667,-122.2988587
4166,2005,Follower,Unknown,Unknown,Arizona,Flagstaff,United States,35.1987522,-111.651822
4172,2009,Follower,Unknown,Unknown,California,Long Beach,United States,33.7690164,-118.191604
4173,2006,Follower,Unknown,Unknown,Texas,Arlington,United States,32.7355816,-97.1071186
4176,1989,NoGroup,NotRecruited,Not recruited,Georgia,Rex,United States,33.5920544,-84.2699218
4178,1970,Leader,NotRecruited,Not recruited,Wisconsin,Madison,United States,43.07469,-89.3841663
4179,2011,NoGroup,NotRecruited,Not recruited,Idaho,Idaho Falls,United States,43.4887907,-112.03628
4180,2010,NoGroup,NotRecruited,Not recruited,District of Columbia,Washington,United States,38.8950982,-77.0363849
4182,2009,Follower,Unknown,Unknown,California,Anaheim,United States,33.8347516,-117.911732
4183,2009,Unknown,Unknown,Unknown,California,Santa Ana,United States,33.7494951,-117.873221
4186,2008,Follower,Unknown,Unknown,California,Hemet,United States,33.7475203,-116.9719684
4187,2008,Unknown,NotRecruited,Not recruited,California,Riverside,United States,33.9824949,-117.374238
4188,2008,Follower,Unknown,Unknown,California,Hemet,United States,33.7475203,-116.9719684
4189,2008,Follower,Unknown,Unknown,California,-99,United States,37.4122712,-121.9576697
4190,2008,Associate,Unknown,Unknown,Massachusetts,Springfield,United States,42.1018764,-72.5886727
4191,2008,NoGroup,NotRecruited,Not recruited,Massachusetts,Springfield,United States,42.1018764,-72.5886727
4192,2008,Follower,NotRecruited,Not recruited,Massachusetts,Springfield,United States,42.1018764,-72.5886727
4193,2008,NoGroup,NotRecruited,Not recruited,West Virginia,Clarksburg,United States,39.2806451,-80.3445341
4194,2006,NoGroup,NotRecruited,Not recruited,Michigan,Detroit,United States,42.3315509,-83.046640300000007
4198,2004,Associate,Unknown,Unknown,Utah,Provo,United States,40.2337289,-111.6587085
4199,2004,Follower,Unknown,Unknown,Utah,Provo,United States,40.2337289,-111.6587085
4200,2003,Associate,Unknown,Unknown,California,Los Angeles,United States,34.0536909,-118.242766
4201,2003,NoGroup,NotRecruited,Not recruited,North Carolina,Whitakers,United States,36.1055662,-77.7126101
4202,2005,Follower,NotRecruited,Not recruited,New Jersey,Maple Shade,United States,39.9526127,-74.9923915
4203,2002,Follower,Unknown,Unknown,Virginia,Richmond,United States,37.5385087,-77.43428
4204,2002,Follower,NotRecruited,Not recruited,Virginia,Henrico County,United States,NA,NA
4205,2002,Associate,NotRecruited,Not recruited,Virginia,Richmond,United States,37.5385087,-77.43428
4206,2002,NoGroup,NotRecruited,Not recruited,Minnesota,Pine Island,United States,44.2033956,-92.6461155
4208,2001,Follower,Unknown,Unknown,New York,East Setauket,United States,40.920966,-73.093714
4209,2002,Leader,NotRecruited,Not recruited,Wisconsin,DePere,United States,NA,NA
4210,2002,NoGroup,NotRecruited,Not recruited,Ohio,Springfield,United States,39.9234046,-83.810138
4212,2004,NoGroup,Unknown,Unknown,Michigan,Clinton Township,United States,42.5869782,-82.9200047
4215,2006,NoGroup,NotRecruited,Not recruited,Utah,Nibley,United States,41.6745591,-111.833119
4216,2005,NoGroup,Unknown,Unknown,Wisconsin,Manitowish Waters,United States,46.1110228,-89.8666146
4217,2007,Leader,NotRecruited,Not recruited,Alabama,Collinsville,United States,34.2648308,-85.8608643
4220,2007,Follower,Unknown,Unknown,Texas,Houston,United States,29.7589382,-95.3676974
4223,2008,Associate,NotRecruited,Not recruited,Wisconsin,Viola,United States,43.5060862,-90.668186
4224,2001,NoGroup,NotRecruited,Not recruited,Maryland,Frederick,United States,39.415779,-77.4127562
4228,2008,Unknown,Unknown,Unknown,Oregon,Salem,United States,44.9391565,-123.033121
4229,2008,NoGroup,Unknown,Unknown,North Carolina,Jacksonville,United States,34.7509962,-77.4309829
4231,2009,NoGroup,NotRecruited,Not recruited,Massachusetts,Brockton,United States,42.0834335,-71.0183787
4232,2009,Follower,NotRecruited,Not recruited,Nevada,Las Vegas,United States,36.1674263,-115.1484131
4234,2009,Unknown,NotRecruited,Not recruited,Oklahoma,Oklahoma City,United States,35.4729886,-97.5170536
4236,2009,Follower,Unknown,Unknown,Illinois,Davis Junction,United States,42.1016919,-89.0931574
4239,2009,NoGroup,Unknown,Unknown,Illinois,Antioch,United States,42.4767131,-88.0950691
4241,2009,Associate,Unknown,Unknown,West Virginia,Weirton,United States,40.4002396,-80.5899788
4243,2009,NoGroup,NotRecruited,Not recruited,Washington,Tukwila,United States,47.4627356,-122.2559156
4245,2009,NoGroup,NotRecruited,Not recruited,Ohio,Cuyahoga Falls,United States,41.1362729,-81.4828123
4247,2010,Associate,NotRecruited,Not recruited,Oklahoma,Marlow,United States,34.6477329,-97.9579447
4250,2010,NoGroup,NotRecruited,Not recruited,Illinois,McCook,United States,41.7978095,-87.8447798
4251,2010,Associate,NotRecruited,Not recruited,Florida,-99,United States,27.0712127,-82.3200247
4253,2010,Unknown,Unknown,Unknown,Georgia,-99,United States,NA,NA
4254,1997,NoGroup,NotRecruited,Not recruited,Texas,Rockport,United States,28.0205733,-97.0544341
4256,2010,NoGroup,NotRecruited,Not recruited,Washington,Yakima,United States,46.601557,-120.510842
4258,2010,NoGroup,NotRecruited,Not recruited,Texas,Henderson,United States,32.1532157,-94.7993802
4259,2010,Leader,Unknown,Unknown,Ohio,Cleveland,United States,41.4996574,-81.6936772
4260,2010,Leader,Unknown,Unknown,Georgia,Dallas,United States,33.9237141,-84.8407732
4261,2010,NoGroup,NotRecruited,Not recruited,Texas,Wichita Falls,United States,33.9004572,-98.5020777
4264,2010,NoGroup,Unknown,Unknown,California,Groveland,United States,37.8382608,-120.2326894
4265,2010,NoGroup,NotRecruited,Not recruited,Pennsylvania,Hampden Township,United States,40.2617631,-76.9797681
4267,2010,Follower,Recruited,Unknown,Washington,Cle Elum,United States,47.1952417,-120.940063
4268,2010,Unknown,Unknown,Unknown,Michigan,Brighton,United States,42.5316918,-83.7846458
4271,2010,NoGroup,NotRecruited,Not recruited,Arkansas,Forum,United States,36.1817412,-93.7149141
4273,2010,NoGroup,NotRecruited,Not recruited,Massachusetts,Fall River,United States,41.7010642,-71.1546367
4274,2010,NoGroup,NotRecruited,Not recruited,Texas,Crane,United States,31.39572,-102.3521214
4275,2011,NoGroup,NotRecruited,Not recruited,Arizona,Tucson,United States,32.2228765,-110.974847
4276,2011,NoGroup,Unknown,Unknown,California,Palm Springs,United States,33.8246269,-116.540303
4277,2011,Unknown,NotRecruited,Not recruited,Washington,Wenatchee,United States,47.4234599,-120.310349
4278,2011,Follower,Unknown,Unknown,Washington,Redmond,United States,47.6694141,-122.1238767
4279,2011,Leader,NotRecruited,Not recruited,Alaska,Fairbanks,United States,64.837845,-147.716675
4280,2010,Leader,Unknown,Unknown,California,Madera,United States,36.9622745,-120.0594685
4283,2011,Associate,Unknown,Unknown,Texas,Fort Worth,United States,32.753177,-97.3327459
4284,2011,NoGroup,Unknown,Unknown,Florida,Stuart,United States,27.197983,-80.2519175
4285,2011,NoGroup,Unknown,Unknown,Missouri,Saint Louis,United States,38.6254063,-90.190009
4286,2011,Follower,Unknown,Unknown,Oregon,Portland,United States,45.5202471,-122.674194
4287,2011,Follower,NotRecruited,Not recruited,Oregon,Portland,United States,45.5202471,-122.674194
4288,2011,Follower,NotRecruited,Not recruited,Georgia,Cleveland,United States,34.5972449,-83.7633058
4289,2011,Leader,Unknown,Unknown,Georgia,Toccoa,United States,34.5774368,-83.332881
4290,2011,Associate,Unknown,Unknown,Georgia,Toccoa,United States,34.5774368,-83.332881
4291,2011,Follower,Recruited,Friend,Georgia,Toccoa,United States,34.5774368,-83.332881
4296,2012,Leader,Unknown,Unknown,-99,-99,United States,NA,NA
4297,2012,NoGroup,NotRecruited,Not recruited,Wisconsin,Kaukauna,United States,44.2780432,-88.2720503
4300,2010,Leader,Unknown,Unknown,Florida,Saint Cloud,United States,28.2498534,-81.2839038
4303,2012,Follower,Unknown,Unknown,Florida,Orange County,United States,NA,NA
4306,2012,Leader,Unknown,Unknown,Minnesota,Austin,United States,43.6679992,-92.9746498
4308,2012,Follower,Unknown,Unknown,Illinois,Chicago,United States,41.8755616,-87.6244212
4309,2012,Leader,NotRecruited,Not recruited,New Hampshire,Keene,United States,42.933597,-72.2784264
4310,2012,Follower,Unknown,Unknown,Florida,Oakland Park,United States,26.1723065,-80.1319893
4311,2012,NoGroup,NotRecruited,Not recruited,Virginia,Manassas,United States,38.7509488,-77.4752667
4315,1989,Unknown,Unknown,Unknown,Arizona,Prescott,United States,34.539984,-112.468812
4317,2000,Follower,Unknown,Unknown,Oregon,-99,United States,44.0641066,-123.1383995
4318,2000,NoGroup,NotRecruited,Not recruited,South Dakota,Sioux Falls,United States,43.5476008,-96.7293629
4319,1999,NoGroup,NotRecruited,Not recruited,Texas,Houston,United States,29.7589382,-95.3676974
4320,1998,NoGroup,NotRecruited,Not recruited,Illinois,Valmeyer,United States,38.3053765,-90.3001542
4322,1997,Leader,Unknown,Unknown,Colorado,Colorado Springs,United States,38.8339578,-104.825348
4323,1997,Associate,Unknown,Unknown,Florida,Pensacola,United States,30.421309,-87.2169149
4325,1997,Follower,NotRecruited,Not recruited,Utah,Bountiful,United States,40.8894611,-111.8804817
4327,1997,NoGroup,Unknown,Unknown,Florida,Jacksonville,United States,30.3262247,-81.6579179
4329,1996,NoGroup,Unknown,Unknown,Utah,Heber City,United States,40.506463,-111.4132963
4330,1996,Unknown,Unknown,Unknown,Utah,Salt Lake City,United States,40.7596198,-111.886797
4331,1996,NoGroup,NotRecruited,Not recruited,Utah,South Jordan,United States,40.5584882,-111.9367107
4333,1995,Unknown,Unknown,Unknown,Nevada,Elko County,United States,NA,NA
4334,1995,NoGroup,NotRecruited,Not recruited,Oregon,Grants Pass,United States,42.4393707,-123.3272489
4335,1994,Follower,Unknown,Unknown,Texas,Lubbock,United States,33.5855677,-101.8470215
4336,1994,Follower,Recruited,Family,Texas,Lubbock,United States,33.5855677,-101.8470215
4337,1994,Follower,NotRecruited,Not recruited,Texas,Lubbock,United States,33.5855677,-101.8470215
4338,1994,NoGroup,NotRecruited,Not recruited,Mississippi,Gulfport,United States,30.3674198,-89.0928155
4341,1992,NoGroup,Unknown,Unknown,Nevada,Reno,United States,39.5261788,-119.812658
4343,2010,NoGroup,NotRecruited,Not recruited,North Carolina,Greensboro,United States,36.0726355,-79.7919754
4345,1990,Leader,Unknown,Unknown,Tennessee,Nashville,United States,36.1622767,-86.7742984
4348,1985,NoGroup,NotRecruited,Not recruited,Ohio,Toledo,United States,41.6529143,-83.5378173
4351,1987,NoGroup,Unknown,Unknown,North Dakota,West Fargo,United States,46.874967,-96.900362
4353,1987,NoGroup,NotRecruited,Not recruited,Minnesota,Saint Paul,United States,44.9497487,-93.0931028
4355,1986,NoGroup,NotRecruited,Not recruited,Illinois,Glen Ellyn,United States,41.8775293,-88.0670118
4358,1985,Follower,Recruited,Group member,Louisiana,Prairieville,United States,30.3122527,-90.9497329
4359,1985,Leader,NotRecruited,Not recruited,Louisiana,Zachary,United States,30.6485191,-91.1564961
4361,1986,Follower,Unknown,Unknown,Pennsylvania,Harveys Lake,United States,41.3525797,-76.0324241
4364,1986,NoGroup,NotRecruited,Not recruited,Louisiana,Baton Rouge,United States,30.4494155,-91.1869659
4365,1985,Follower,Unknown,Unknown,Texas,Houston,United States,29.7589382,-95.3676974
4366,1985,Unknown,Unknown,Unknown,Texas,Houston,United States,29.7589382,-95.3676974
4368,1985,NoGroup,NotRecruited,Not recruited,California,San Diego,United States,32.7174202,-117.162772
4370,1983,Follower,Unknown,Unknown,Washington,Metaline Falls,United States,48.8636212,-117.371888
4371,1984,Follower,Recruited,Other,California,Salinas,United States,36.6744117,-121.655037
4372,1984,Follower,Recruited,Group member,Idaho,Sandpoint,United States,48.2761306,-116.5487835
4373,1983,Follower,Recruited,Group member,Washington,Spokane,United States,47.6571934,-117.42351
4374,1983,Follower,Unknown,Unknown,Washington,Cheney,United States,47.4892246,-117.579304
4375,1984,Follower,Unknown,Unknown,Florida,Fort Lauderdale,United States,26.1223084,-80.1433786
4376,1984,Follower,NotRecruited,Not recruited,Oklahoma,Muse,United States,34.6720091,-94.7656348
4377,1986,Leader,Recruited,Friend,Idaho,Hayden,United States,47.7590638,-116.7866807
4378,1983,NoGroup,NotRecruited,Not recruited,Virginia,Norfolk,United States,36.8493695,-76.2899539
4380,1982,Unknown,Unknown,Unknown,Mississippi,Jackson,United States,32.2998686,-90.1830408
4381,1982,Follower,Unknown,Unknown,Mississippi,Pearl,United States,32.2735792,-90.127881
4383,1987,Follower,Unknown,Unknown,California,Hollywood,United States,34.0980031,-118.329523
4384,1981,Follower,Unknown,Unknown,Tennessee,Memphis,United States,35.1460249,-90.0517638
4385,1981,Follower,Unknown,Unknown,Tennessee,Memphis,United States,35.1460249,-90.0517638
4387,1981,Associate,Unknown,Unknown,Oregon,Eugene,United States,44.0505054,-123.0950506
4388,1980,Unknown,Unknown,Unknown,California,Los Angeles,United States,34.0536909,-118.242766
4391,1980,Unknown,NotRecruited,Not recruited,West Virginia,Webster Springs,United States,38.4792749,-80.4134157
4393,1980,Follower,Unknown,Unknown,Alabama,Mobile,United States,30.6913462,-88.0437509
4394,1980,Follower,Unknown,Unknown,Michigan,Detroit,United States,42.3315509,-83.046640300000007
4395,1980,Follower,Unknown,Unknown,Michigan,Detroit,United States,42.3315509,-83.046640300000007
4396,1980,Follower,Unknown,Unknown,Michigan,Detroit,United States,42.3315509,-83.046640300000007
4397,1980,Follower,Unknown,Unknown,Michigan,Livonia,United States,42.36837,-83.3527097
4398,1980,Follower,Unknown,Unknown,Michigan,Detroit,United States,42.3315509,-83.046640300000007
4399,1980,Follower,Unknown,Unknown,Michigan,Fenton,United States,42.7978061,-83.7049498
4401,1980,Associate,Unknown,Unknown,Michigan,-99,United States,NA,NA
4402,1980,Leader,Unknown,Unknown,Tennessee,Chattanooga,United States,35.0457219,-85.3094883
4404,1980,Follower,Unknown,Unknown,Tennessee,Chattanooga,United States,35.0457219,-85.3094883
4406,1977,NoGroup,NotRecruited,Not recruited,Ohio,Warrensville Heights,United States,41.43535,-81.514824
4407,1976,Unknown,Unknown,Unknown,Maine,St. George,United States,43.9662958,-69.21017
4408,1976,Follower,Unknown,Unknown,Maine,Portland,United States,43.6573605,-70.2586618
4409,1976,Unknown,Unknown,Unknown,Massachusetts,Boston,United States,42.3588336,-71.0578303
4410,1984,Leader,Recruited,Friend,Ohio,Deerfield,United States,41.0246864,-81.0503164
4411,1983,Follower,Recruited,Other,Maine,Sanford,United States,43.4387179,-70.7746224
4412,1983,Unknown,NotRecruited,Not recruited,Maine,Sanford,United States,43.4387179,-70.7746224
4413,1975,NoGroup,NotRecruited,Not recruited,Ohio,Dayton,United States,39.7589478,-84.1916069
4414,1975,Follower,Unknown,Unknown,California,Sacramento,United States,38.5810606,-121.493895
4415,1975,Follower,NotRecruited,Not recruited,California,Los Angeles,United States,34.0536909,-118.242766
4416,1974,Leader,NotRecruited,Not recruited,California,Los Angeles,United States,34.0536909,-118.242766
4417,1974,Follower,Unknown,Unknown,California,San Francisco,United States,37.7879363,-122.4075201
4418,1974,Follower,Unknown,Unknown,California,San Francisco,United States,37.7879363,-122.4075201
4419,1974,Follower,Recruited,Unknown,California,San Francisco,United States,37.7879363,-122.4075201
4420,1976,Leader,Unknown,Unknown,Maryland,Clarksville,United States,39.2065447,-76.9429182
4422,1981,Follower,Unknown,Unknown,Michigan,Romulus,United States,42.2222614,-83.3965995
4423,1985,Follower,Unknown,Unknown,North Carolina,Hiddenite,United States,35.9037438,-81.0906356
4428,1985,Follower,Unknown,Unknown,North Carolina,Alexander County,United States,NA,NA
4429,1980,Follower,Unknown,Unknown,Tennessee,Chattanooga,United States,35.0457219,-85.3094883
4430,1977,NoGroup,NotRecruited,Not recruited,New York,New Rochelle,United States,40.9115386,-73.7826363
4431,1981,Follower,Unknown,Unknown,Alabama,Mobile,United States,30.6913462,-88.0437509
4433,1979,Follower,Unknown,Unknown,Alabama,Tuscumbia,United States,34.7318811,-87.7028627
4434,1985,Follower,Unknown,Unknown,Idaho,Hayden Lake,United States,47.7587944,-116.756857
4435,1985,Leader,Unknown,Unknown,North Carolina,Alexander County,United States,NA,NA
4436,1979,Leader,Unknown,Unknown,Ohio,Columbus,United States,39.9622601,-83.0007065
4437,1979,Leader,NotRecruited,Not recruited,Ohio,Columbus,United States,39.9622601,-83.0007065
4438,1981,Leader,Unknown,Unknown,Tennessee,Nashville,United States,36.1622767,-86.7742984
4440,1979,Leader,Unknown,Unknown,Alabama,Gardendale,United States,33.6601033,-86.8127702
4441,1980,Follower,Unknown,Unknown,Illinois,Centralia,United States,38.5250491,-89.1334037
4442,1986,Follower,Recruited,Family,Idaho,Coeur d'Alene,United States,47.6742994,-116.7811531
4444,1981,Leader,NotRecruited,Not recruited,Alabama,Mobile,United States,30.6913462,-88.0437509
4445,1985,Follower,Unknown,Unknown,North Carolina,Statesville,United States,35.7827676,-80.8873574
4449,1981,Follower,Unknown,Unknown,Alabama,Mobile,United States,30.6913462,-88.0437509
4454,1971,Leader,NotRecruited,Not recruited,Michigan,Cohoctah,United States,42.7597936,-83.9490453
4455,1986,Leader,Unknown,Unknown,North Carolina,Fayetteville,United States,35.0525759,-78.878292
4456,1980,Leader,Unknown,Unknown,Tennessee,Chattanooga,United States,35.0457219,-85.3094883
4457,1967,Leader,NotRecruited,Not recruited,Virginia,Arlington,United States,38.8903961,-77.0841585
4458,1981,Leader,NotRecruited,Not recruited,North Carolina,Belews Creek,United States,36.2445808,-80.0697641
4459,1986,Follower,NotRecruited,Not recruited,Idaho,Hayden Lake,United States,47.7587944,-116.756857
4460,1982,Follower,Unknown,Unknown,North Carolina,Statesville,United States,35.7827676,-80.8873574
4461,1964,Follower,Unknown,Unknown,Mississippi,Philadelphia,United States,32.7703841,-89.1153488
4462,1985,Follower,Unknown,Unknown,North Carolina,Hiddenite,United States,35.9037438,-81.0906356
4464,1958,Leader,Unknown,Unknown,South Carolina,Greenville,United States,34.851354,-82.3984882
4466,1977,Associate,Unknown,Unknown,Illinois,Calumet City,United States,41.616016,-87.5295837
4467,1984,Follower,Recruited,Group member,Florida,Port Salerno,United States,27.1458904,-80.1843031
4468,1966,Follower,Unknown,Unknown,Mississippi,Laurel,United States,31.6940509,-89.1306124
4470,1981,Leader,NotRecruited,Not recruited,Delaware,Wilmington,United States,39.7459468,-75.546589
4473,1984,Associate,Unknown,Unknown,California,Corona,United States,33.8752945,-117.566444
4474,1983,Associate,Unknown,Unknown,Florida,Lakeland,United States,28.0394654,-81.9498042
4477,1985,Leader,Recruited,Family,North Carolina,Statesville,United States,35.7827676,-80.8873574
4479,1982,Leader,NotRecruited,Not recruited,California,Oroville,United States,39.5137752,-121.556359
4480,1981,Leader,Unknown,Unknown,Delaware,Woodland Heights,United States,38.5634484,-75.5746476
4482,1977,NoGroup,Unknown,Unknown,North Carolina,Charlotte,United States,35.2272086,-80.8430827
4486,1970,NoGroup,NotRecruited,Not recruited,Florida,Saint Petersburg,United States,27.7712264,-82.6340259
4489,1970,Follower,NotRecruited,Not recruited,Minnesota,Saint Paul,United States,44.9497487,-93.0931028
4490,1970,Follower,Unknown,Unknown,Maryland,Reisterstown,United States,39.4695489,-76.8294213
4491,1970,NoGroup,NotRecruited,Not recruited,Florida,Saint Petersburg,United States,27.7712264,-82.6340259
4492,1970,NoGroup,Unknown,Unknown,Mississippi,West Point,United States,33.6076186,-88.6503255
4493,1970,NoGroup,Unknown,Unknown,California,San Jose,United States,37.3361663,-121.890591
4498,1970,Follower,Unknown,Unknown,Texas,Longview,United States,32.5007031,-94.74049
4501,1970,NoGroup,Unknown,Unknown,California,Compton,United States,33.894927,-118.226624
4502,1970,Associate,Recruited,Friend,Illinois,Chicago,United States,41.8755616,-87.6244212
4505,1970,Leader,Unknown,Unknown,Minnesota,-99,United States,NA,NA
4507,1970,Follower,NotRecruited,Not recruited,Washington,Seattle,United States,47.6038321,-122.330062
4508,1970,NoGroup,NotRecruited,Not recruited,Idaho,Lewiston,United States,46.4195913,-117.0216144
4510,1970,Follower,Unknown,Unknown,Washington,Seattle,United States,47.6038321,-122.330062
4511,1970,Follower,NotRecruited,Not recruited,Washington,Seattle,United States,47.6038321,-122.330062
4512,1970,Leader,NotRecruited,Not recruited,Illinois,Chicago,United States,41.8755616,-87.6244212
4514,1968,Leader,Recruited,Friend,New York,New York,United States,40.7127281,-74.0060152
4515,1969,Leader,NotRecruited,Not recruited,New York,New York,United States,40.7127281,-74.0060152
4517,1981,Follower,Recruited,Family,New York,New York,United States,40.7127281,-74.0060152
4520,1965,Leader,NotRecruited,Not recruited,Illinois,Chicago,United States,41.8755616,-87.6244212
4521,1967,Leader,NotRecruited,Not recruited,California,Oakland,United States,37.8044557,-122.271356
4522,1970,Follower,NotRecruited,Not recruited,New York,Middleton,United States,NA,NA
4523,1969,Leader,Unknown,Unknown,Illinois,Chicago,United States,41.8755616,-87.6244212
4524,1970,Follower,Unknown,Unknown,Connecticut,Stamford,United States,41.0534302,-73.5387341
4525,1970,Leader,Unknown,Unknown,New York,New York,United States,40.7127281,-74.0060152
4526,1961,Follower,Recruited,Unknown,New York,New York,United States,40.7127281,-74.0060152
4527,1969,Leader,Unknown,Unknown,New Jersey,Maplewood,United States,40.7312123,-74.2734808
4530,1968,Follower,Unknown,Unknown,Michigan,East Lansing,United States,42.7320307,-84.4721678
4531,1969,Follower,Unknown,Unknown,New York,New York,United States,40.7127281,-74.0060152
4532,1970,Unknown,NotRecruited,Not recruited,New York,New York,United States,40.7127281,-74.0060152
4533,1970,Follower,NotRecruited,Not recruited,Washington,Seattle,United States,47.6038321,-122.330062
4534,1969,Follower,Unknown,Unknown,Illinois,-99,United States,NA,NA
4535,1971,Follower,Unknown,Unknown,New York,Glen Wild,United States,41.6539812,-74.5868267
4536,1969,Follower,Unknown,Unknown,Michigan,Royal Oak,United States,42.4894801,-83.1446485
4538,1970,Leader,Unknown,Unknown,New York,New York,United States,40.7127281,-74.0060152
4540,1969,Leader,Unknown,Unknown,New York,New York,United States,40.7127281,-74.0060152
4542,1969,Follower,NotRecruited,Not recruited,New York,New York,United States,40.7127281,-74.0060152
4544,1968,Unknown,NotRecruited,Not recruited,New York,Syracuse,United States,43.0481221,-76.1474244
4545,1968,Follower,Recruited,Family,New York,New York,United States,40.7127281,-74.0060152
4548,1969,Leader,NotRecruited,Not recruited,Illinois,Chicago,United States,41.8755616,-87.6244212
4549,1969,Leader,NotRecruited,Not recruited,New York,New York,United States,40.7127281,-74.0060152
4551,1970,Follower,Unknown,Unknown,New York,New York,United States,40.7127281,-74.0060152
4552,1970,Follower,Recruited,Group member,New York,New York,United States,40.7127281,-74.0060152
4553,1969,Leader,NotRecruited,Not recruited,Ohio,Cincinnati,United States,39.1012809,-84.5127405
4554,1985,Follower,Unknown,Unknown,New York,New York,United States,40.7127281,-74.0060152
4555,1970,Associate,Unknown,Unknown,New York,Albany,United States,42.6511674,-73.754968
4556,1970,Unknown,Unknown,Unknown,Colorado,Denver,United States,39.7392364,-104.984862
4558,2000,Leader,Recruited,Group member,Georgia,Atlanta,United States,33.7544657,-84.3898151
4562,1969,Unknown,Unknown,Unknown,Oregon,Portland,United States,45.5202471,-122.674194
4564,1971,Unknown,Unknown,Unknown,Ohio,Akron,United States,41.083064,-81.518485
4569,1971,NoGroup,NotRecruited,Not recruited,California,Berkeley,United States,37.8708393,-122.272863
4570,1972,NoGroup,NotRecruited,Not recruited,Wisconsin,Milwaukee,United States,43.0386475,-87.9090751
4571,1971,Leader,Recruited,Friend,Michigan,Detroit,United States,42.3315509,-83.046640300000007
4572,1971,Unknown,Unknown,Unknown,Iowa,Des Moines,United States,41.5868654,-93.6249494
4573,1971,Follower,Unknown,Unknown,Michigan,Detroit,United States,42.3315509,-83.046640300000007
4577,1964,Follower,Unknown,Unknown,Mississippi,Greenwood,United States,33.5162315,-90.1795281
4578,1973,Follower,Recruited,Unknown,California,San Francisco,United States,37.7879363,-122.4075201
4580,1972,Leader,Unknown,Unknown,New York,Buffalo,United States,42.8864163,-78.8781493
4583,1982,Follower,Unknown,Unknown,Massachusetts,Cambridge,United States,42.3656347,-71.1040018
4584,1984,Follower,Unknown,Unknown,Massachusetts,Boston,United States,42.3588336,-71.0578303
4585,1995,Leader,NotRecruited,Not recruited,Oklahoma,Vernon,United States,35.2156532,-95.9258318
4586,1996,Leader,NotRecruited,Not recruited,Montana,Jordan,United States,47.32121,-106.910461
4587,1996,Follower,Unknown,Unknown,Montana,Winnett,United States,47.0027521,-108.352271
4589,1996,Associate,Unknown,Unknown,Pennsylvania,Waynesburg,United States,39.8956327,-80.1848304
4591,1996,Leader,Unknown,Unknown,West Virginia,Lavalette,United States,38.3228619,-82.4468201
4594,1995,Follower,Unknown,Unknown,Minnesota,Alexandria,United States,45.8835101,-95.3745015
4595,1997,Follower,Unknown,Unknown,Texas,Arlington,United States,32.7355816,-97.1071186
4596,1997,Follower,Unknown,Unknown,Colorado,Creede,United States,37.8483224,-106.925476
4597,1997,Follower,Unknown,Unknown,Colorado,Creede,United States,37.8483224,-106.925476
4598,1997,Unknown,Unknown,Unknown,Kansas,Wichita,United States,37.6922361,-97.3375448
4599,1997,Follower,NotRecruited,Not recruited,Kansas,Wichita,United States,37.6922361,-97.3375448
4600,1997,Follower,Unknown,Unknown,Wisconsin,Mondovi,United States,44.5678717,-91.6706955
4601,1997,Follower,NotRecruited,Not recruited,Colorado,Aurora,United States,39.7401441,-104.8733376
4602,1997,Leader,Recruited,Group member,Colorado,Aurora,United States,39.7401441,-104.8733376
4603,1996,Follower,Unknown,Unknown,Washington,Bellingham,United States,48.7544012,-122.478836
4604,1996,Follower,Unknown,Unknown,Washington,Bellingham,United States,48.7544012,-122.478836
4605,1996,Leader,Unknown,Unknown,Washington,Tukwila,United States,47.4627356,-122.2559156
4606,1996,Leader,Unknown,Unknown,Washington,Bellingham,United States,48.7544012,-122.478836
4608,1996,Follower,Unknown,Unknown,Washington,Renton,United States,47.4799078,-122.2034496
4609,1998,Follower,Recruited,Group member,Illinois,Rockford,United States,42.2713945,-89.093966
4610,1998,Follower,Unknown,Unknown,Illinois,Brighton,United States,39.039773,-90.1410023
4612,1998,Associate,Recruited,Group member,Illinois,Effingham,United States,39.1201433,-88.54348
4613,1998,NoGroup,NotRecruited,Not recruited,New Jersey,Paramus,United States,40.9452911,-74.0735899
4614,1998,NoGroup,Unknown,Unknown,District of Columbia,Washington,United States,38.8950982,-77.0363849
4615,1996,Follower,Unknown,Unknown,Montana,-99,United States,NA,NA
4616,1995,Leader,NotRecruited,Not recruited,Arkansas,Osage,United States,36.1825728,-93.4046288
4617,1998,Follower,Unknown,Unknown,North Carolina,Charlotte,United States,35.2272086,-80.8430827
4618,1996,Follower,Unknown,Unknown,North Carolina,Charlotte,United States,35.2272086,-80.8430827
4619,1996,Follower,Unknown,Unknown,Montana,Jordan,United States,47.32121,-106.910461
4620,1996,Unknown,Unknown,Unknown,Kansas,Marion,United States,38.3473241,-97.0195946
4621,1996,Follower,Unknown,Unknown,Utah,Murray,United States,40.6667841,-111.888417
4622,1996,Follower,Unknown,Unknown,Montana,Winnett,United States,47.0027521,-108.352271
4623,1998,Follower,Unknown,Unknown,Minnesota,Woodstock,United States,44.009134,-96.100581
4626,1995,Follower,Unknown,Unknown,California,Calistoga,United States,38.5787966,-122.579705
4627,1994,Follower,NotRecruited,Not recruited,Montana,Brusett,United States,47.42528,-107.2667537
4628,1996,Follower,Unknown,Unknown,Montana,Brusett,United States,47.42528,-107.2667537
4630,1995,Leader,NotRecruited,Not recruited,Minnesota,Alexandria,United States,45.8835101,-95.3745015
4631,1995,Follower,NotRecruited,Not recruited,Minnesota,Alexandria,United States,45.8835101,-95.3745015
4634,1975,Follower,Recruited,Friend,California,Palmdale,United States,34.5793131,-118.11711
4635,1999,Follower,Unknown,Unknown,Ohio,Shaker Heights,United States,41.4739419,-81.5370671
4636,1999,Associate,Recruited,Other,Florida,Boca Raton,United States,26.3586885,-80.0830984
4640,1998,Follower,Unknown,Unknown,Texas,Harlingen,United States,26.1907543,-97.6960599
4642,1998,NoGroup,Unknown,Unknown,Puerto Rico,San Juan,United States,18.465299,-66.116666
4645,1994,Follower,Recruited,Family,New York,Brooklyn,United States,40.6526006,-73.9497211
4652,1999,Leader,NotRecruited,Not recruited,California,-99,United States,37.4122712,-121.9576697
4656,2004,Follower,Unknown,Unknown,-99,-99,United States,NA,NA
4657,2003,NoGroup,NotRecruited,Not recruited,Washington,Maltby,United States,47.8051652,-122.114493
4661,2003,Leader,Unknown,Unknown,Illinois,Tinley Park,United States,41.5733669,-87.7844944
4670,2004,Unknown,Unknown,Unknown,Alabama,Perry County,United States,NA,NA
4671,2004,Follower,NotRecruited,Not recruited,Alabama,Perry County,United States,NA,NA
4673,2002,Follower,Unknown,Unknown,Montana,Kalispell,United States,48.202158,-114.315321
4674,2002,Leader,Unknown,Unknown,Montana,Flathead County,United States,NA,NA
4675,2002,Follower,Unknown,Unknown,Montana,Flathead County,United States,NA,NA
4676,1974,Follower,Unknown,Unknown,California,San Francisco,United States,37.7879363,-122.4075201
4679,2004,Leader,NotRecruited,Not recruited,Nevada,Reno,United States,39.5261788,-119.812658
4683,2003,Follower,Unknown,Unknown,New York,Brooklyn,United States,40.6526006,-73.9497211
4688,2001,Follower,NotRecruited,Not recruited,Texas,Richardson,United States,32.9481789,-96.7297206
4691,2004,Unknown,Unknown,Unknown,Louisiana,Lafayette,United States,30.2262187,-92.0178202
4692,1997,Follower,NotRecruited,Not recruited,Washington,Mercer Island,United States,47.5766324,-122.2276378
4695,1969,Follower,Unknown,Unknown,California,San Bernardino,United States,34.1081621,-117.28946
4696,1966,Leader,Unknown,Unknown,New York,New York,United States,40.7127281,-74.0060152
4697,1963,Leader,Recruited,Friend,Pennsylvania,Philadelphia,United States,39.9527237,-75.1635262
4702,1970,Follower,Unknown,Unknown,Delaware,Wilmington,United States,39.7459468,-75.546589
4703,1985,Follower,Unknown,Unknown,Texas,Beeville,United States,28.4008319,-97.7483312
4704,1973,Leader,NotRecruited,Not recruited,New York,New York,United States,40.7127281,-74.0060152
4705,1981,Leader,Unknown,Unknown,New York,New York,United States,40.7127281,-74.0060152
4706,1981,Follower,Unknown,Unknown,New York,New York,United States,40.7127281,-74.0060152
4707,1981,Follower,Unknown,Unknown,New York,New York,United States,40.7127281,-74.0060152
4708,1973,Follower,NotRecruited,Not recruited,California,San Francisco,United States,37.7879363,-122.4075201
4712,1984,Unknown,Unknown,Unknown,New York,New York,United States,40.7127281,-74.0060152
4714,1983,Follower,Unknown,Unknown,New York,New York,United States,40.7127281,-74.0060152
4715,1984,Follower,Unknown,Unknown,New York,New York,United States,40.7127281,-74.0060152
4716,1982,Unknown,Unknown,Unknown,New York,New York,United States,40.7127281,-74.0060152
4719,1964,Leader,Unknown,Unknown,New York,Buffalo,United States,42.8864163,-78.8781493
4741,1968,Leader,NotRecruited,Not recruited,Missouri,Norborne,United States,39.3025168,-93.6774377
4742,1974,Leader,Unknown,Unknown,Pennsylvania,Reading,United States,40.335345,-75.9279495
4743,1995,Associate,NotRecruited,Not recruited,Michigan,Decker,United States,43.4589093,-83.0507754
4744,1995,Follower,Unknown,Unknown,Virginia,Pulaski,United States,37.0478983,-80.7797935
4745,1994,Leader,NotRecruited,Not recruited,Virginia,Pulaski,United States,37.0478983,-80.7797935
4751,1974,Leader,NotRecruited,Not recruited,Massachusetts,Lynn,United States,42.466763,-70.9494939
4752,1986,Follower,Recruited,Group member,Pennsylvania,Reading,United States,40.335345,-75.9279495
4755,1976,Follower,Unknown,Unknown,New York,New York,United States,40.7127281,-74.0060152
4757,1989,Leader,Unknown,Unknown,New York,New York,United States,40.7127281,-74.0060152
4758,1968,Leader,NotRecruited,Not recruited,New York,New York,United States,40.7127281,-74.0060152
4759,1963,Leader,Unknown,Unknown,Alabama,Birmingham,United States,33.5206824,-86.8024326
4761,1987,Leader,Unknown,Unknown,New York,East Meadow,United States,40.7142296,-73.5595107
4762,1978,Leader,Unknown,Unknown,New York,New York,United States,40.7127281,-74.0060152
4764,1986,Follower,Unknown,Unknown,New York,New York,United States,40.7127281,-74.0060152
4766,1980,Follower,Recruited,Group member,California,Los Angeles,United States,34.0536909,-118.242766
4771,1957,Leader,Unknown,Unknown,Michigan,Detroit,United States,42.3315509,-83.046640300000007
4786,1974,Leader,Unknown,Unknown,Wisconsin,Milwaukee,United States,43.0386475,-87.9090751
4793,1980,Leader,NotRecruited,Not recruited,Illinois,-99,United States,NA,NA
4794,1983,Leader,Unknown,Unknown,Puerto Rico,Hormigueros,United States,18.1395442,-67.1171687
4795,2001,Leader,NotRecruited,Not recruited,Puerto Rico,San Juan,United States,18.465299,-66.116666
4796,1950,Leader,NotRecruited,Not recruited,Puerto Rico,-99,United States,NA,NA
4797,1979,Follower,Unknown,Unknown,-99,-99,United States,NA,NA
4800,1977,Follower,Unknown,Unknown,New York,New York,United States,40.7127281,-74.0060152
4820,1981,Unknown,Unknown,Unknown,-99,-99,United States,NA,NA
4837,1971,Follower,Unknown,Unknown,New York,New York,United States,40.7127281,-74.0060152
4838,1974,Follower,Unknown,Unknown,New York,New York,United States,40.7127281,-74.0060152
4840,1950,Follower,Unknown,Unknown,New York,New York,United States,40.7127281,-74.0060152
4841,1950,Follower,Unknown,Unknown,New York,New York,United States,40.7127281,-74.0060152
4842,1954,Follower,NotRecruited,Not recruited,New York,New York,United States,40.7127281,-74.0060152
4843,1954,Follower,Unknown,Unknown,New York,New York,United States,40.7127281,-74.0060152
4844,1954,Follower,Unknown,Unknown,Puerto Rico,Aguadilla,United States,18.4297923,-67.1542201
4845,1954,Unknown,Unknown,Unknown,New York,New York,United States,40.7127281,-74.0060152
4846,1981,Leader,Unknown,Unknown,Puerto Rico,Vieques,United States,18.4274921,-65.8353283
4849,1969,Associate,Unknown,Unknown,Puerto Rico,San Juan,United States,18.465299,-66.116666
4850,1969,Follower,Unknown,Unknown,Michigan,Ann Arbor,United States,42.2813722,-83.7484616
4854,1980,Follower,Unknown,Unknown,New York,New York,United States,40.7127281,-74.0060152
4857,1949,Leader,Unknown,Unknown,New York,New York,United States,40.7127281,-74.0060152
4865,1977,Follower,Unknown,Unknown,New York,New York,United States,40.7127281,-74.0060152
4869,1977,Leader,NotRecruited,Not recruited,New York,New York,United States,40.7127281,-74.0060152
4874,1978,Follower,Unknown,Unknown,New York,New York,United States,40.7127281,-74.0060152
4877,1980,Leader,Unknown,Unknown,Wisconsin,Milwaukee,United States,43.0386475,-87.9090751
4881,1977,Associate,Unknown,Unknown,New York,New York,United States,40.7127281,-74.0060152
4885,1977,Associate,Recruited,Unknown,New York,New York,United States,40.7127281,-74.0060152
4886,1976,Follower,Unknown,Unknown,Illinois,Chicago,United States,41.8755616,-87.6244212
4889,1967,Follower,Unknown,Unknown,New Mexico,Canjilon,United States,36.4803391,-106.4375317
4892,1978,Follower,Unknown,Unknown,Puerto Rico,San Juan,United States,18.465299,-66.116666
4893,1978,Follower,Unknown,Unknown,Puerto Rico,San Juan,United States,18.465299,-66.116666
4894,1980,Follower,Unknown,Unknown,Illinois,Chicago,United States,41.8755616,-87.6244212
4895,1980,Follower,Unknown,Unknown,Illinois,Chicago,United States,41.8755616,-87.6244212
4897,1979,Follower,Unknown,Unknown,New York,New York,United States,40.7127281,-74.0060152
4898,1980,Follower,Unknown,Unknown,Illinois,Chicago,United States,41.8755616,-87.6244212
4907,1973,Leader,NotRecruited,Not recruited,Minnesota,Minneapolis,United States,44.9772995,-93.2654692
4910,1968,Follower,Unknown,Unknown,New York,New York,United States,40.7127281,-74.0060152
4915,1977,NoGroup,NotRecruited,Not recruited,New York,Harlem,United States,40.8078578,-73.9454671
4946,1970,Follower,NotRecruited,Not recruited,Pennsylvania,Philadelphia,United States,39.9527237,-75.1635262
4975,1983,Follower,Unknown,Unknown,Puerto Rico,San Juan,United States,18.465299,-66.116666
4976,1981,Unknown,Unknown,Unknown,New York,New York,United States,40.7127281,-74.0060152
4979,1969,Leader,NotRecruited,Not recruited,Ohio,Kent,United States,41.1513108,-81.3578047
4981,1997,Unknown,NotRecruited,Not recruited,Illinois,Chicago,United States,41.8755616,-87.6244212
4982,1980,Follower,Unknown,Unknown,New York,New York,United States,40.7127281,-74.0060152
4992,1992,Leader,Unknown,Unknown,Montana,Noxon,United States,47.9951247,-115.780307
4998,1995,Unknown,Unknown,Unknown,Montana,Darby,United States,46.022659,-114.178093
4999,1992,NoGroup,NotRecruited,Not recruited,Montana,Condon,United States,47.5276966,-113.7104797
5000,1995,Follower,Unknown,Unknown,Montana,Billings,United States,45.7874957,-108.49607
5001,1995,Follower,Unknown,Unknown,Montana,Eureka,United States,48.8799647,-115.0535
5010,1995,Associate,Unknown,Unknown,Washington,Spokane,United States,47.6571934,-117.42351
5020,2009,Leader,NotRecruited,Not recruited,Michigan,Iron River,United States,46.0924697,-88.6426179
5027,1964,Leader,Unknown,Unknown,Mississippi,Meadville,United States,31.4723928,-90.8967682
5028,1964,Follower,Unknown,Unknown,Mississippi,Meadville,United States,31.4723928,-90.8967682
5029,1967,Follower,Recruited,Group member,Alabama,Mobile,United States,30.6913462,-88.0437509
5030,1963,Follower,Unknown,Unknown,Mississippi,Jackson,United States,32.2998686,-90.1830408
5031,1966,Follower,Unknown,Unknown,Mississippi,Seminary,United States,31.5623892,-89.4975669
5032,1964,Follower,Unknown,Unknown,Mississippi,Philadelphia,United States,32.7703841,-89.1153488
5033,1964,Leader,Unknown,Unknown,Alabama,Mobile,United States,30.6913462,-88.0437509
5035,1964,Follower,Unknown,Unknown,Mississippi,Meridian,United States,32.3643098,-88.703656
5036,1967,Leader,Unknown,Unknown,Louisiana,Baton Rouge,United States,30.4494155,-91.1869659
5038,1968,Follower,Unknown,Unknown,Mississippi,Meridian,United States,32.3643098,-88.703656
5039,1981,Follower,Recruited,Friend,Mississippi,Florence,United States,32.1534836,-90.1311971
5041,1964,NoGroup,NotRecruited,Not recruited,Pennsylvania,Philadelphia,United States,39.9527237,-75.1635262
5046,1983,Follower,Recruited,Group member,Connecticut,Hartford,United States,41.764582,-72.6908547
5048,1986,Follower,NotRecruited,Not recruited,Arizona,Flagstaff,United States,35.1987522,-111.651822
5050,1985,Leader,NotRecruited,Not recruited,Illinois,Vandalia,United States,38.960601,-89.0936778
5051,1983,Unknown,Unknown,Unknown,Arkansas,Smithville,United States,36.0802861,-91.3036149
5052,1983,Follower,NotRecruited,Not recruited,New York,New York,United States,40.7127281,-74.0060152
5055,1992,Leader,Unknown,Unknown,Puerto Rico,San Juan,United States,18.465299,-66.116666
5056,1986,Follower,NotRecruited,Not recruited,Connecticut,Hartford,United States,41.764582,-72.6908547
5059,1984,Leader,NotRecruited,Not recruited,Minnesota,Bemidji,United States,47.4723148,-94.8832791
5060,1984,Follower,Recruited,Group member,Minnesota,Bemidji,United States,47.4723148,-94.8832791
5061,1984,Follower,Unknown,Unknown,Minnesota,Nevis,United States,46.9651482,-94.8395533
5062,1985,Unknown,Unknown,Unknown,Minnesota,Laporte,United States,47.21411,-94.7533561
5063,1985,Leader,NotRecruited,Not recruited,Wisconsin,Tigerton,United States,44.7404426,-89.0623847
5064,1985,Follower,Recruited,Group member,Pennsylvania,Philadelphia,United States,39.9527237,-75.1635262
5065,1984,Leader,Recruited,Group member,Oregon,Salem,United States,44.9391565,-123.033121
5067,1984,Follower,Recruited,Group member,New Mexico,Farmington,United States,36.7291152,-108.205445
5070,1984,Follower,Unknown,Unknown,California,Los Angeles,United States,34.0536909,-118.242766
5071,1985,Follower,Recruited,Friend,Washington,Ione,United States,48.7413268,-117.420483
5074,1985,Associate,Unknown,Unknown,California,Lookout,United States,41.2079441,-121.1552523
5075,1985,Follower,Recruited,Group member,California,San Leandro,United States,37.7249296,-122.1560768
5078,1985,Follower,Recruited,Unknown,Alabama,Northport,United States,33.2292976,-87.5771286
5079,1984,Follower,Unknown,Unknown,Washington,Oroville,United States,48.9376147,-119.436168
5080,1985,Follower,Unknown,Unknown,California,Los Angeles,United States,34.0536909,-118.242766
5082,1985,Follower,NotRecruited,Not recruited,Idaho,Hayden Lake,United States,47.7587944,-116.756857
5084,1985,Follower,Unknown,Unknown,Pennsylvania,Philadelphia,United States,39.9527237,-75.1635262
5085,1985,Follower,Unknown,Unknown,Pennsylvania,Philadelphia,United States,39.9527237,-75.1635262
5086,1985,Follower,Unknown,Unknown,Washington,-99,United States,45.6934177,-122.6569957
5087,1986,Follower,Unknown,Unknown,Idaho,Athol,United States,47.9479601,-116.707974
5088,1987,Associate,Unknown,Unknown,Idaho,Athol,United States,47.9479601,-116.707974
5090,1986,Follower,Unknown,Unknown,Arizona,Kingman,United States,35.1895921,-114.0532996
5092,1985,Follower,Unknown,Unknown,Arizona,Kingman,United States,35.1895921,-114.0532996
5093,1986,Follower,Recruited,Unknown,Arizona,Kingman,United States,35.1895921,-114.0532996
5095,1986,Follower,Unknown,Unknown,Arizona,Phoenix,United States,33.4484367,-112.074141
5098,1986,Leader,Unknown,Unknown,Arizona,Tucson,United States,32.2228765,-110.974847
5099,1986,Follower,Unknown,Unknown,Kansas,Arkansas City,United States,37.0622562,-97.0388338
5100,1986,Unknown,Unknown,Unknown,North Carolina,Spring Lake,United States,35.1679396,-78.9728056
5101,1986,Unknown,NotRecruited,Not recruited,-99,-99,United States,NA,NA
5102,1988,Follower,Unknown,Unknown,Missouri,Springfield,United States,37.2081729,-93.2922715
5103,1987,Follower,Unknown,Unknown,Illinois,Greenville,United States,38.8922687,-89.4131356
5104,1984,Follower,Recruited,Friend,California,Salinas,United States,36.6744117,-121.655037
5105,1981,Follower,Unknown,Unknown,New York,New York,United States,40.7127281,-74.0060152
5106,1981,Leader,Unknown,Unknown,New York,-99,United States,NA,NA
5110,1981,Leader,NotRecruited,Not recruited,New York,New York,United States,40.7127281,-74.0060152
5111,1984,Follower,Unknown,Unknown,New York,New York,United States,40.7127281,-74.0060152
5112,1984,Follower,Unknown,Unknown,New York,New York,United States,40.7127281,-74.0060152
5113,1984,Follower,Recruited,Family,Ohio,Deerfield,United States,41.0246864,-81.0503164
5115,1984,Follower,Unknown,Unknown,New York,New York,United States,40.7127281,-74.0060152
5116,1984,Follower,Unknown,Unknown,New York,New York,United States,40.7127281,-74.0060152
5118,1984,Follower,Unknown,Unknown,New York,Brooklyn,United States,40.6526006,-73.9497211
5123,1983,Unknown,Unknown,Unknown,Connecticut,-99,United States,NA,NA
5124,1983,Follower,Unknown,Unknown,Puerto Rico,Vega Baja,United States,18.4445314,-66.387587
5125,1985,Follower,Unknown,Unknown,Puerto Rico,-99,United States,NA,NA
5126,2008,Leader,Unknown,Unknown,Puerto Rico,-99,United States,NA,NA
5127,1983,Unknown,Unknown,Unknown,Puerto Rico,-99,United States,NA,NA
5128,1985,Follower,Unknown,Unknown,Connecticut,-99,United States,NA,NA
5130,1985,Follower,Unknown,Unknown,Puerto Rico,-99,United States,NA,NA
5131,1983,Follower,Unknown,Unknown,Connecticut,-99,United States,NA,NA
5133,1985,Follower,Unknown,Unknown,Puerto Rico,Carolina,United States,18.3808516,-65.9570244
5134,1983,Follower,Unknown,Unknown,Puerto Rico,-99,United States,NA,NA
5135,1984,Associate,Unknown,Unknown,Puerto Rico,Vega Baja,United States,18.4445314,-66.387587
5137,1986,Follower,Unknown,Unknown,Illinois,Chicago,United States,41.8755616,-87.6244212
5140,1986,Follower,Unknown,Unknown,Illinois,Chicago,United States,41.8755616,-87.6244212
5142,1986,Follower,Unknown,Unknown,Illinois,Chicago,United States,41.8755616,-87.6244212
5143,1987,Follower,Unknown,Unknown,Illinois,Chicago,United States,41.8755616,-87.6244212
5144,1986,Follower,Unknown,Unknown,Illinois,Chicago,United States,41.8755616,-87.6244212
5145,1987,Leader,Recruited,Group member,Illinois,Chicago,United States,41.8755616,-87.6244212
5150,1985,Follower,Unknown,Unknown,New Jersey,Elizabeth,United States,40.6639916,-74.2107006
5151,1982,Follower,Unknown,Unknown,New Jersey,Newark,United States,40.735657,-74.1723667
5158,1987,Unknown,Unknown,Unknown,Massachusetts,Gloucester,United States,42.6153595,-70.6624608
5168,2011,Associate,Unknown,Unknown,Texas,Cypress,United States,29.9691116,-95.6971686
5169,1988,Leader,Unknown,Unknown,District of Columbia,Washington,United States,38.8950982,-77.0363849
5170,1985,Follower,Unknown,Unknown,Washington,Metaline,United States,48.8504748,-117.3908003
5173,1984,Follower,Recruited,Friend,New York,New York,United States,40.7127281,-74.0060152
5174,1984,Leader,NotRecruited,Not recruited,New Jersey,Newark,United States,40.735657,-74.1723667
5178,1980,Follower,Recruited,Group member,Florida,-99,United States,27.0712127,-82.3200247
5180,1984,Follower,Unknown,Unknown,Florida,Miami,United States,25.7741566,-80.1935973
5182,1976,Follower,Recruited,Group member,New Jersey,North Bergen,United States,40.8042674,-74.012084
5183,1976,Leader,Unknown,Unknown,New Jersey,Hackensack,United States,40.8870781,-74.0410667
5184,1975,NoGroup,NotRecruited,Not recruited,Florida,Miami,United States,25.7741566,-80.1935973
5186,1976,Follower,Recruited,Group member,New Jersey,-99,United States,40.3794516,-74.3097047
5187,1993,Follower,Unknown,Unknown,Texas,Houston,United States,29.7589382,-95.3676974
5189,1989,Follower,Unknown,Unknown,Missouri,Saint Louis,United States,38.6254063,-90.190009
5191,1989,Leader,Unknown,Unknown,Missouri,Saint Louis,United States,38.6254063,-90.190009
5192,1985,Associate,Unknown,Unknown,-99,-99,United States,NA,NA
5193,1985,Follower,NotRecruited,Not recruited,California,-99,United States,37.4122712,-121.9576697
5222,1963,Unknown,Unknown,Unknown,Alabama,Birmingham,United States,33.5206824,-86.8024326
5223,1963,Follower,Unknown,Unknown,Alabama,Birmingham,United States,33.5206824,-86.8024326
5224,1968,NoGroup,NotRecruited,Not recruited,Missouri,Saint Louis,United States,38.6254063,-90.190009
5225,1968,NoGroup,NotRecruited,Not recruited,California,Los Angeles,United States,34.0536909,-118.242766
5226,1976,Follower,Recruited,Other,New York,New York,United States,40.7127281,-74.0060152
5233,1995,Leader,NotRecruited,Not recruited,Oklahoma,Vernon,United States,35.2156532,-95.9258318
5234,1995,Follower,Unknown,Unknown,Oklahoma,Vernon,United States,35.2156532,-95.9258318
5237,1995,NoGroup,NotRecruited,Not recruited,Oregon,La Pine,United States,43.6703995,-121.503636
5250,1996,Follower,Unknown,Unknown,Missouri,Kansas City,United States,39.100105,-94.5781416
5263,2002,Follower,Recruited,Family,North Carolina,Benson,United States,35.3814368,-78.5480563
5266,2003,Follower,Unknown,Unknown,Texas,Whitehouse,United States,32.2268666,-95.2259279
5276,1994,Leader,NotRecruited,Not recruited,Kansas,Hutchinson,United States,38.0608444,-97.9297743
5278,2010,Follower,Unknown,Unknown,Connecticut,Stratford,United States,41.1923646,-73.1304917
5281,2009,NoGroup,Unknown,Unknown,Pennsylvania,Bolivar,United States,40.3970146,-79.1516989
5284,2010,NoGroup,NotRecruited,Not recruited,Arkansas,Salado,United States,35.691189,-91.5956928
5287,2011,NoGroup,NotRecruited,Not recruited,Washington,Spokane,United States,47.6571934,-117.42351
5289,2011,Associate,Unknown,Unknown,North Dakota,Lakota,United States,48.0430537,-98.3443585
5294,2011,Follower,Unknown,Unknown,Texas,Houston,United States,29.7589382,-95.3676974
5295,2011,NoGroup,Unknown,Unknown,Wisconsin,Berlin,United States,43.9684264,-88.9466233
5301,2006,Follower,Unknown,Unknown,Texas,-99,United States,32.9944454,-97.2295308
5313,2011,Unknown,Unknown,Unknown,California,Ventura,United States,34.2783355,-119.293174
5316,1987,Unknown,Unknown,Unknown,Minnesota,Moorhead,United States,46.8739081,-96.7538674
5323,2011,NoGroup,NotRecruited,Not recruited,California,Ventura,United States,34.2783355,-119.293174
5324,2006,Follower,Unknown,Unknown,Florida,Tampa,United States,27.9449854,-82.4583107
5325,2005,NoGroup,NotRecruited,Not recruited,Pennsylvania,Lower Salford,United States,40.2648377,-75.3913937
5327,1996,Leader,NotRecruited,Not recruited,Tennessee,Finger,United States,35.3584122,-88.5989385
5329,2010,Follower,Unknown,Unknown,Montana,Kalispell,United States,48.202158,-114.315321
5331,2001,Follower,Unknown,Unknown,Montana,Flathead County,United States,NA,NA
5343,2011,Unknown,Unknown,Unknown,Massachusetts,Provincetown,United States,42.0525612,-70.1858639
5347,2004,Leader,Recruited,Group member,Virginia,Roanoke,United States,37.270973,-79.9414313
5348,2011,Leader,Unknown,Unknown,Tennessee,Briceville,United States,36.1784122,-84.1852012
5352,2011,Follower,Unknown,Unknown,California,San Simeon,United States,35.6133158,-121.144234
5353,2008,Follower,Unknown,Unknown,Louisiana,Bogalusa,United States,30.7910204,-89.8486858
5354,1969,Follower,Unknown,Unknown,New York,New York,United States,40.7127281,-74.0060152
5356,1995,Leader,Unknown,Unknown,North Carolina,-99,United States,35.7336837,-78.6577146
5359,2011,NoGroup,NotRecruited,Not recruited,New York,Niagara Falls,United States,43.08436,-79.0614686
5363,2011,Follower,NotRecruited,Not recruited,Kentucky,Harlan County,United States,NA,NA
5364,2011,NoGroup,NotRecruited,Not recruited,Kentucky,Partridge,United States,37.0064832,-82.8979391
5365,2011,NoGroup,NotRecruited,Not recruited,Kentucky,Cumberland,United States,36.9772047,-82.9899654
5366,2012,Follower,NotRecruited,Not recruited,Kentucky,Harlan County,United States,NA,NA
5369,2011,NoGroup,Unknown,Unknown,California,Orcutt,United States,34.8651757,-120.4472231
5370,2010,NoGroup,NotRecruited,Not recruited,Arizona,Phoenix,United States,33.4484367,-112.074141
5371,2012,Unknown,Unknown,Unknown,New York,Potsdam,United States,44.6697996,-74.9813349
5372,2011,Follower,Unknown,Unknown,Texas,Cypress,United States,29.9691116,-95.6971686
5375,2010,NoGroup,Unknown,Unknown,California,Ventura,United States,34.2783355,-119.293174
5376,2011,NoGroup,NotRecruited,Not recruited,Colorado,Arvada,United States,39.8005505,-105.0811573
5378,1988,Leader,NotRecruited,Not recruited,Oklahoma,Tulsa,United States,36.1563122,-95.9927516
5386,2007,Leader,NotRecruited,Not recruited,California,Citrus Heights,United States,38.7071247,-121.2810611
5388,2011,NoGroup,NotRecruited,Not recruited,Illinois,Belleville,United States,38.5135805,-89.9841627
5389,2011,Follower,Recruited,Group member,California,San Simeon,United States,35.6133158,-121.144234
5395,1989,Leader,NotRecruited,Not recruited,Florida,Miami,United States,25.7741566,-80.1935973
5396,2007,Follower,Unknown,Unknown,California,Los Angeles,United States,34.0536909,-118.242766
5398,2011,NoGroup,NotRecruited,Not recruited,Michigan,Detroit,United States,42.3315509,-83.046640300000007
5402,2011,Associate,Unknown,Unknown,Colorado,Arvada,United States,39.8005505,-105.0811573
5407,2004,Follower,Recruited,Group member,Idaho,Hayden Lake,United States,47.7587944,-116.756857
5411,2001,Follower,Recruited,Unknown,North Carolina,Jacksonville,United States,34.7509962,-77.4309829
5414,2011,Leader,NotRecruited,Not recruited,New Jersey,Ridgewood,United States,40.9796683,-74.1194403
5417,2011,Leader,NotRecruited,Not recruited,Arizona,Phoenix,United States,33.4484367,-112.074141
5418,2011,Associate,Unknown,Unknown,California,Palm Springs,United States,33.8246269,-116.540303
5419,2009,Leader,NotRecruited,Not recruited,Indiana,Michigan City,United States,41.7075394,-86.8950297
5424,2004,Leader,Unknown,Unknown,Tennessee,Westpoint,United States,35.1331366,-87.5336328
5429,2011,NoGroup,NotRecruited,Not recruited,Wisconsin,Neenah,United States,44.1858193,-88.462609
5433,2009,NoGroup,NotRecruited,Not recruited,Massachusetts,Medford,United States,42.4184296,-71.1061639
5435,2011,Follower,Unknown,Unknown,California,San Luis Obispo,United States,35.2827525,-120.659615
5437,2009,Associate,Unknown,Unknown,Pennsylvania,Robinson,United States,40.4006911,-79.1406138
5442,2010,NoGroup,NotRecruited,Not recruited,Minnesota,Minneapolis,United States,44.9772995,-93.2654692
5443,2005,Follower,Recruited,Unknown,Alabama,Piedmont,United States,33.9245454,-85.6113501
5446,2011,Follower,NotRecruited,Not recruited,Illinois,Chicago,United States,41.8755616,-87.6244212
5453,2011,Follower,Unknown,Unknown,Arkansas,Conway,United States,35.0891932,-92.4398402
5454,2011,Unknown,NotRecruited,Not recruited,Louisiana,Beekman,United States,32.9237404,-91.8842948
5470,2011,NoGroup,Unknown,Unknown,California,Davis,United States,38.5435526,-121.739005
5472,2001,Leader,Unknown,Unknown,Alabama,Opp,United States,31.2821209,-86.255839
5473,1999,Follower,Recruited,Friend,Georgia,Carrollton,United States,33.5801103,-85.0766113
5480,1969,Leader,Unknown,Unknown,-99,-99,United States,NA,NA
5484,1970,Leader,Unknown,Unknown,California,Oakland,United States,37.8044557,-122.271356
5485,1969,Leader,Unknown,Unknown,Ohio,Cleveland,United States,41.4996574,-81.6936772
5491,1969,Follower,Unknown,Unknown,California,Los Angeles,United States,34.0536909,-118.242766
5494,1969,Leader,Unknown,Unknown,California,Oakland,United States,37.8044557,-122.271356
5495,1968,Associate,Unknown,Unknown,California,San Francisco,United States,37.7879363,-122.4075201
5497,1969,Follower,Unknown,Unknown,-99,-99,United States,NA,NA
5498,1968,Leader,Unknown,Unknown,California,Los Angeles,United States,34.0536909,-118.242766
5500,1969,Follower,Unknown,Unknown,Maryland,Baltimore,United States,39.2908816,-76.610759
5502,1969,Leader,Unknown,Unknown,Missouri,Appleton City,United States,38.1905819,-94.0293867
5508,1968,Associate,Unknown,Unknown,Illinois,Chicago,United States,41.8755616,-87.6244212
5509,1967,Leader,Recruited,Group member,California,San Francisco,United States,37.7879363,-122.4075201
5517,1972,Follower,Unknown,Unknown,Wisconsin,Milwaukee,United States,43.0386475,-87.9090751
5518,1970,Follower,Unknown,Unknown,Michigan,Detroit,United States,42.3315509,-83.046640300000007
5523,1964,Leader,Unknown,Unknown,-99,-99,United States,NA,NA
5524,1967,Leader,Unknown,Unknown,New York,New York,United States,40.7127281,-74.0060152
5525,1969,Follower,Unknown,Unknown,Washington,Seattle,United States,47.6038321,-122.330062
5530,1948,Leader,Recruited,Family,Ohio,-99,United States,NA,NA
5532,1981,Leader,Unknown,Unknown,New York,New York,United States,40.7127281,-74.0060152
5534,1970,Follower,Unknown,Unknown,Ohio,Cleveland,United States,41.4996574,-81.6936772
5536,1969,Follower,Unknown,Unknown,New York,New York,United States,40.7127281,-74.0060152
5544,1968,Leader,NotRecruited,Not recruited,Tennessee,Chattanooga,United States,35.0457219,-85.3094883
5546,1969,Leader,Unknown,Unknown,Michigan,Detroit,United States,42.3315509,-83.046640300000007
5548,1970,Unknown,Unknown,Unknown,Washington,Seattle,United States,47.6038321,-122.330062
5554,1967,Follower,NotRecruited,Not recruited,Illinois,Chicago,United States,41.8755616,-87.6244212
5558,1955,Leader,Unknown,Unknown,Arkansas,Lake Village,United States,33.3294799,-91.2850584
5559,1969,Follower,Unknown,Unknown,Illinois,-99,United States,NA,NA
5564,1970,Leader,Unknown,Unknown,Washington,Seattle,United States,47.6038321,-122.330062
5567,1970,Follower,Unknown,Unknown,Illinois,Chicago,United States,41.8755616,-87.6244212
5570,1969,Leader,Unknown,Unknown,South Carolina,Greenville,United States,34.851354,-82.3984882
5571,1970,Leader,Unknown,Unknown,Michigan,Ann Arbor,United States,42.2813722,-83.7484616
5574,1969,Leader,Unknown,Unknown,California,San Francisco,United States,37.7879363,-122.4075201
5578,1970,Associate,Recruited,Family,-99,-99,United States,NA,NA
5581,1967,Leader,Unknown,Unknown,Virginia,-99,United States,NA,NA
5582,1969,Follower,Unknown,Unknown,Colorado,-99,United States,NA,NA
5588,1968,Unknown,NotRecruited,Not recruited,California,Berkeley,United States,37.8708393,-122.272863
5593,1969,Follower,Unknown,Unknown,Ohio,Euclid,United States,41.5931049,-81.5267873
5598,1969,Follower,Unknown,Unknown,Ohio,Cleveland,United States,41.4996574,-81.6936772
5604,1970,Follower,Unknown,Unknown,Pennsylvania,McKeesport,United States,40.3478472,-79.864215
5607,1972,Leader,Unknown,Unknown,Massachusetts,Boston,United States,42.3588336,-71.0578303
5613,1961,Leader,Unknown,Unknown,North Carolina,Monroe,United States,34.9854275,-80.5495112
5616,1970,Follower,NotRecruited,Not recruited,Ohio,Cleveland,United States,41.4996574,-81.6936772
5621,1971,Follower,NotRecruited,Not recruited,California,San Francisco,United States,37.7879363,-122.4075201
5622,1973,Leader,Unknown,Unknown,New York,-99,United States,NA,NA
5625,1974,Leader,Unknown,Unknown,New Jersey,Plainfield,United States,40.6201412,-74.4222416
5628,1973,Follower,Unknown,Unknown,New York,New York,United States,40.7127281,-74.0060152
5629,1968,Follower,NotRecruited,Not recruited,California,Oakland,United States,37.8044557,-122.271356
5630,1969,Leader,NotRecruited,Not recruited,California,Fernando Valley,United States,34.3174952,-118.48382
5636,1973,Leader,NotRecruited,Not recruited,New York,New York,United States,40.7127281,-74.0060152
5639,1963,Follower,Unknown,Unknown,New York,New York,United States,40.7127281,-74.0060152
5641,1971,Follower,Unknown,Unknown,New York,New York,United States,40.7127281,-74.0060152
5642,1971,Follower,NotRecruited,Not recruited,New York,New York,United States,40.7127281,-74.0060152
5646,1975,Follower,Unknown,Unknown,New Jersey,Atlantic City,United States,39.3642852,-74.4229351
5647,1971,Unknown,Unknown,Unknown,California,San Francisco,United States,37.7879363,-122.4075201
5648,1971,Follower,Unknown,Unknown,California,Altadena,United States,34.1898584,-118.1316619
5649,1971,Follower,NotRecruited,Not recruited,California,San Francisco,United States,37.7879363,-122.4075201
5651,1971,Follower,NotRecruited,Not recruited,California,San Francisco,United States,37.7879363,-122.4075201
5659,1973,Leader,Unknown,Unknown,New York,New York,United States,40.7127281,-74.0060152
5661,1995,Follower,Recruited,Other,Pennsylvania,Philadelphia,United States,39.9527237,-75.1635262
5663,1975,Associate,Unknown,Unknown,New Jersey,Asbury Park,United States,40.2203907,-74.0120817
5667,1971,Follower,Unknown,Unknown,California,Los Angeles,United States,34.0536909,-118.242766
5670,1973,Follower,Unknown,Unknown,New York,-99,United States,NA,NA
5675,1970,Follower,Unknown,Unknown,Pennsylvania,Philadelphia,United States,39.9527237,-75.1635262
5679,1971,Leader,Unknown,Unknown,New York,New York,United States,40.7127281,-74.0060152
5684,1969,Leader,NotRecruited,Not recruited,Minnesota,Minneapolis,United States,44.9772995,-93.2654692
5685,1993,Leader,Recruited,Family,Georgia,Stone Mountain,United States,33.8080924,-84.1706273
5686,1976,Leader,Unknown,Unknown,North Dakota,-99,United States,NA,NA
5688,1968,Leader,NotRecruited,Not recruited,California,San Francisco,United States,37.7879363,-122.4075201
5689,1971,Unknown,Unknown,Unknown,Pennsylvania,Philadelphia,United States,39.9527237,-75.1635262
5691,1980,Leader,Unknown,Unknown,-99,-99,United States,NA,NA
5692,1970,Follower,NotRecruited,Not recruited,New York,New York,United States,40.7127281,-74.0060152
5693,1981,Unknown,Unknown,Unknown,New York,New York,United States,40.7127281,-74.0060152
5694,1977,Follower,Unknown,Unknown,-99,-99,United States,NA,NA
5695,1974,Leader,Unknown,Unknown,California,Los Angeles,United States,34.0536909,-118.242766
5696,1971,Follower,Unknown,Unknown,New York,New York,United States,40.7127281,-74.0060152
5697,1971,Leader,Unknown,Unknown,New York,New York,United States,40.7127281,-74.0060152
5698,2004,Leader,Recruited,Friend,Nevada,Reno,United States,39.5261788,-119.812658
5700,1977,Follower,Unknown,Unknown,Florida,Miami,United States,25.7741566,-80.1935973
5701,2002,Leader,Unknown,Unknown,California,Culver City,United States,34.0211224,-118.396466
5702,1978,Unknown,Unknown,Unknown,New York,New York,United States,40.7127281,-74.0060152
5703,1971,Follower,Unknown,Unknown,New York,New York,United States,40.7127281,-74.0060152
5705,1976,Follower,Unknown,Unknown,New York,New York,United States,40.7127281,-74.0060152
5706,2001,Follower,Unknown,Unknown,California,Los Angeles,United States,34.0536909,-118.242766
5707,1974,Follower,Unknown,Unknown,California,North Hollywood,United States,34.1649502,-118.374752
5708,1974,Associate,NotRecruited,Not recruited,New York,New York,United States,40.7127281,-74.0060152
5715,1972,Unknown,Unknown,Unknown,New York,New York,United States,40.7127281,-74.0060152
5718,1983,Leader,Unknown,Unknown,New York,New York,United States,40.7127281,-74.0060152
5719,1971,Follower,Unknown,Unknown,New York,Brooklyn,United States,40.6526006,-73.9497211
5720,1971,Follower,Unknown,Unknown,New York,New York,United States,40.7127281,-74.0060152
5721,1971,Unknown,Unknown,Unknown,Pennsylvania,Philadelphia,United States,39.9527237,-75.1635262
5722,1970,Follower,Unknown,Unknown,New York,New York,United States,40.7127281,-74.0060152
5723,1981,Follower,Unknown,Unknown,New York,New York,United States,40.7127281,-74.0060152
5724,1973,Associate,Unknown,Unknown,New York,New York,United States,40.7127281,-74.0060152
5725,1977,Leader,Unknown,Unknown,Florida,Miami,United States,25.7741566,-80.1935973
5726,1971,Associate,Unknown,Unknown,New York,Brooklyn,United States,40.6526006,-73.9497211
5729,1973,Leader,Unknown,Unknown,New York,New York,United States,40.7127281,-74.0060152
5730,1971,Follower,Unknown,Unknown,New York,New York,United States,40.7127281,-74.0060152
5731,1972,Follower,Unknown,Unknown,New York,New York,United States,40.7127281,-74.0060152
5732,1976,Follower,Unknown,Unknown,New York,New York,United States,40.7127281,-74.0060152
5733,1973,Follower,Unknown,Unknown,New York,New York,United States,40.7127281,-74.0060152
5738,1970,Follower,Unknown,Unknown,New York,Manhattan,United States,40.7579554,-73.9855319
5739,1971,Leader,Unknown,Unknown,New York,New Rochelle,United States,40.9115386,-73.7826363
5740,1974,Leader,Unknown,Unknown,New York,New York,United States,40.7127281,-74.0060152
5741,1980,Unknown,Unknown,Unknown,California,Los Angeles,United States,34.0536909,-118.242766
5743,1972,Follower,Unknown,Unknown,New York,Massapequa Park,United States,40.6803785,-73.4551241
5745,1976,Unknown,Unknown,Unknown,New York,Manhattan,United States,40.7579554,-73.9855319
5747,1992,Follower,Unknown,Unknown,California,Los Angeles,United States,34.0536909,-118.242766
5749,1978,Unknown,Unknown,Unknown,New York,New York,United States,40.7127281,-74.0060152
5750,1976,Follower,Unknown,Unknown,District of Columbia,Washington,United States,38.8950982,-77.0363849
5760,1969,Leader,Unknown,Unknown,Pennsylvania,Philadelphia,United States,39.9527237,-75.1635262
5762,1977,Leader,Unknown,Unknown,Illinois,Bolingbrook,United States,41.7003302,-88.0717708
5763,1974,Follower,Unknown,Unknown,New York,Staten Island,United States,40.5834557,-74.1496048
5764,1988,Follower,Unknown,Unknown,California,Los Angeles,United States,34.0536909,-118.242766
5765,1990,Follower,Recruited,Family,Ohio,Cleveland Heights,United States,41.5200518,-81.556235
5766,1976,Leader,Unknown,Unknown,New York,Brooklyn,United States,40.6526006,-73.9497211
5769,1971,Leader,Unknown,Unknown,New York,Brooklyn,United States,40.6526006,-73.9497211
5772,1980,Leader,NotRecruited,Not recruited,California,San Gabriel Valley,United States,NA,NA
5777,1977,Leader,Unknown,Unknown,New York,New York,United States,40.7127281,-74.0060152
5779,1976,Leader,Unknown,Unknown,Maryland,Beltsville,United States,39.0299081,-76.9149547
5783,1974,Follower,Unknown,Unknown,New York,New York,United States,40.7127281,-74.0060152
5786,1966,Follower,Unknown,Unknown,Mississippi,Washington,United States,31.5787773,-91.2992784
5788,1966,Leader,Unknown,Unknown,Mississippi,Natchez,United States,31.5604076,-91.403171
5792,1967,Follower,Unknown,Unknown,Mississippi,Jackson,United States,32.2998686,-90.1830408
5793,1966,Leader,Unknown,Unknown,Mississippi,Natchez,United States,31.5604076,-91.403171
5794,1986,Leader,NotRecruited,Not recruited,Nevada,Las Vegas,United States,36.1674263,-115.1484131
5795,1974,Follower,Unknown,Unknown,Ohio,Cincinnati,United States,39.1012809,-84.5127405
5797,1965,Leader,Unknown,Unknown,Mississippi,Crystal Springs,United States,31.9871757,-90.356182
5798,1967,Follower,Unknown,Unknown,Mississippi,-99,United States,NA,NA
5801,1966,Follower,Unknown,Unknown,California,San Bernardino,United States,34.1081621,-117.28946
5803,1949,Leader,NotRecruited,Not recruited,Georgia,-99,United States,NA,NA
5806,1965,Follower,NotRecruited,Not recruited,Alabama,Birmingham,United States,33.5206824,-86.8024326
5808,1965,Follower,Unknown,Unknown,Ohio,Columbus,United States,39.9622601,-83.0007065
5809,1966,Leader,Unknown,Unknown,Ohio,Cincinnati,United States,39.1012809,-84.5127405
5812,1998,Leader,NotRecruited,Not recruited,Pennsylvania,Johnstown,United States,40.3267407,-78.9219698
5813,1966,Follower,Unknown,Unknown,Mississippi,Laurel,United States,31.6940509,-89.1306124
5814,1964,Follower,Unknown,Unknown,Mississippi,Philadelphia,United States,32.7703841,-89.1153488
5816,1966,Follower,Unknown,Unknown,Mississippi,Laurel,United States,31.6940509,-89.1306124
5817,1965,Follower,Unknown,Unknown,Alabama,Birmingham,United States,33.5206824,-86.8024326
5818,1992,Unknown,Unknown,Unknown,Maryland,Brandywine,United States,38.6967833,-76.8477485
5819,1979,Follower,Unknown,Unknown,North Carolina,Newton,United States,35.6630887,-81.2219363
5822,1975,Leader,NotRecruited,Not recruited,Louisiana,Denham Springs,United States,30.4868564,-90.9562125
5824,1983,Unknown,Unknown,Unknown,California,Glendale,United States,34.1469416,-118.2478471
5825,1965,Follower,Unknown,Unknown,Alabama,Bessemer,United States,33.4017766,-86.954437
5826,1975,Follower,Unknown,Unknown,Virginia,-99,United States,NA,NA
5827,1995,Follower,Unknown,Unknown,South Carolina,Manning,United States,33.6952318,-80.2107811
5828,1953,Follower,Unknown,Unknown,Alabama,Montgomery,United States,32.3777111,-86.3090775
5829,1964,Follower,Unknown,Unknown,Mississippi,Philadelphia,United States,32.7703841,-89.1153488
5830,1995,Leader,NotRecruited,Not recruited,South Carolina,Clarendon County,United States,NA,NA
5833,1979,Leader,Unknown,Unknown,North Carolina,Maiden,United States,35.5766048,-81.2139216
5834,1964,Follower,Unknown,Unknown,Mississippi,Meridian,United States,32.3643098,-88.703656
5835,1964,Follower,Unknown,Unknown,Mississippi,Meridian,United States,32.3643098,-88.703656
5836,1980,Leader,NotRecruited,Not recruited,California,Los Angeles,United States,34.0536909,-118.242766
5838,2002,Associate,Unknown,Unknown,North Carolina,-99,United States,35.7336837,-78.6577146
5839,2003,Follower,Unknown,Unknown,New York,New York,United States,40.7127281,-74.0060152
5841,1998,Follower,Unknown,Unknown,Texas,Jasper,United States,30.9201995,-93.9965759
5842,2003,Follower,Unknown,Unknown,North Carolina,Newport,United States,34.7865497,-76.8591057
5846,2001,Leader,Recruited,Family,Indiana,Osceola,United States,41.6650487,-86.075836
5847,2006,Follower,Unknown,Unknown,North Carolina,-99,United States,35.7336837,-78.6577146
5848,1983,Leader,NotRecruited,Not recruited,California,Los Angeles,United States,34.0536909,-118.242766
5849,1995,Follower,NotRecruited,Not recruited,South Carolina,Manning,United States,33.6952318,-80.2107811
5850,1965,Unknown,Unknown,Unknown,Alabama,Birmingham,United States,33.5206824,-86.8024326
5854,2002,Follower,Unknown,Unknown,New York,Lackawanna,United States,42.8257735,-78.823648
5865,1993,Follower,NotRecruited,Not recruited,California,San Diego,United States,32.7174202,-117.162772
5867,1980,NoGroup,NotRecruited,Not recruited,District of Columbia,Washington,United States,38.8950982,-77.0363849
5868,1977,Leader,NotRecruited,Not recruited,District of Columbia,Washington,United States,38.8950982,-77.0363849
5871,1980,Follower,NotRecruited,Not recruited,District of Columbia,Washington,United States,38.8950982,-77.0363849
5888,2021,Follower,NotRecruited,Not recruited,Pennsylvania,Mt. Pleasant,United States,40.1487475,-79.5421368
5892,1995,Follower,Recruited,Friend,Arizona,Kingman,United States,35.1895921,-114.0532996
5904,1983,Follower,Unknown,Unknown,Illinois,Chicago,United States,41.8755616,-87.6244212
5905,1986,Follower,Unknown,Unknown,Illinois,Chicago,United States,41.8755616,-87.6244212
5906,1985,Follower,Unknown,Unknown,Illinois,Chicago,United States,41.8755616,-87.6244212
5907,1986,Follower,Unknown,Unknown,Illinois,Chicago,United States,41.8755616,-87.6244212
5908,1983,Follower,Unknown,Unknown,Illinois,Chicago,United States,41.8755616,-87.6244212
5910,1985,Unknown,Unknown,Unknown,Illinois,Chicago,United States,41.8755616,-87.6244212
5911,2011,Associate,Unknown,Unknown,Alaska,Fairbanks,United States,64.837845,-147.716675
5913,2007,Follower,Unknown,Unknown,Alabama,Trussville,United States,33.6196266,-86.6084342
5914,2007,Follower,Recruited,Group member,Alabama,Gadsden,United States,34.0128323,-86.0030251
5916,2007,Follower,Unknown,Unknown,Alabama,Collinsville,United States,34.2648308,-85.8608643
5918,2010,Follower,Unknown,Unknown,North Carolina,Concord,United States,35.4094178,-80.5800049
5919,2005,NoGroup,NotRecruited,Not recruited,Illinois,Chicago,United States,41.8755616,-87.6244212
5922,2011,Follower,Recruited,Group member,Alaska,Salcha,United States,64.4705556,-146.9386111
5923,2011,Follower,Unknown,Unknown,Alaska,Salcha,United States,64.4705556,-146.9386111
5926,2013,Follower,NotRecruited,Not recruited,Illinois,Aurora,United States,41.7571701,-88.3147539
5934,1975,Associate,Unknown,Unknown,California,San Francisco,United States,37.7879363,-122.4075201
5935,1973,Follower,NotRecruited,Not recruited,New Jersey,North Haledon,United States,40.9550981,-74.1859782
5939,1974,Follower,Recruited,Other,California,Berkeley,United States,37.8708393,-122.272863
5940,1973,Leader,NotRecruited,Not recruited,California,Oakland,United States,37.8044557,-122.271356
5941,1977,Leader,Unknown,Unknown,California,San Francisco,United States,37.7879363,-122.4075201
5942,1973,Follower,Recruited,Group member,California,Berkeley,United States,37.8708393,-122.272863
5943,1969,Follower,Unknown,Unknown,Massachusetts,Cambridge,United States,42.3656347,-71.1040018
5944,1969,Leader,Recruited,Other,California,-99,United States,37.4122712,-121.9576697
5945,1970,Follower,Unknown,Unknown,Massachusetts,Cambridge,United States,42.3656347,-71.1040018
5946,1974,Leader,Unknown,Unknown,California,San Francisco,United States,37.7879363,-122.4075201
5947,1968,Follower,NotRecruited,Not recruited,Connecticut,New Haven,United States,41.3082138,-72.9250518
5948,1973,Follower,NotRecruited,Not recruited,California,San Francisco,United States,37.7879363,-122.4075201
5949,1975,Follower,Recruited,Family,California,San Francisco,United States,37.7879363,-122.4075201
5951,1969,Follower,Unknown,Unknown,Illinois,Chicago,United States,41.8755616,-87.6244212
5952,1975,Follower,Unknown,Unknown,California,San Francisco,United States,37.7879363,-122.4075201
5953,1973,Leader,NotRecruited,Not recruited,California,San Francisco,United States,37.7879363,-122.4075201
5954,1974,Follower,Recruited,Group member,California,Los Angeles,United States,34.0536909,-118.242766
5955,1973,Leader,NotRecruited,Not recruited,California,Goleta,United States,34.4358295,-119.8276389
5958,1969,Follower,Unknown,Unknown,Massachusetts,Cambridge,United States,42.3656347,-71.1040018
5959,1975,Follower,Unknown,Unknown,California,San Francisco,United States,37.7879363,-122.4075201
5960,1974,Follower,Recruited,Friend,Florida,Pensacola,United States,30.421309,-87.2169149
5961,1976,Follower,Unknown,Unknown,California,Palmdale,United States,34.5793131,-118.11711
5963,1974,Follower,Unknown,Unknown,California,San Francisco,United States,37.7879363,-122.4075201
5966,2013,Follower,NotRecruited,Not recruited,New York,Galway,United States,43.0186858,-74.0315162
5967,2009,Follower,Unknown,Unknown,Pennsylvania,Philadelphia,United States,39.9527237,-75.1635262
5969,2013,Follower,Unknown,Unknown,Nevada,Las Vegas,United States,36.1674263,-115.1484131
5978,2020,NoGroup,NA,Not recruited,New Mexico,Albuquerque,United States,35.0841034,-106.650985
6000,2012,Follower,NotRecruited,Not recruited,Alabama,Mobile,United States,30.6913462,-88.0437509
6001,2012,Follower,NotRecruited,Not recruited,Alabama,Mobile,United States,30.6913462,-88.0437509
6002,2012,Unknown,Unknown,Unknown,Pennsylvania,Wilkinsburg,United States,40.4418068,-79.8819609
6004,2011,Unknown,NotRecruited,Not recruited,Michigan,Saint Joseph,United States,42.1095808,-86.4799538
6005,2014,Follower,Unknown,Unknown,North Carolina,Raleigh,United States,35.7803977,-78.6390989
6009,2010,NoGroup,NotRecruited,Not recruited,Illinois,Chicago,United States,41.8755616,-87.6244212
6010,2012,NoGroup,NotRecruited,Not recruited,Alabama,Albertville,United States,34.2675937,-86.2088669
6011,2012,Follower,Recruited,Friend,Florida,Orange County,United States,NA,NA
6012,2014,Leader,Unknown,Unknown,North Carolina,Raleigh,United States,35.7803977,-78.6390989
6013,2013,Follower,NotRecruited,Not recruited,New York,Babylon,United States,40.6956552,-73.3256753
6014,2012,Follower,Unknown,Unknown,California,Anaheim,United States,33.8347516,-117.911732
6016,2013,Unknown,NotRecruited,Not recruited,Arizona,Mesa,United States,33.4151005,-111.831455
6017,2013,Unknown,NotRecruited,Not recruited,Kansas,Wichita,United States,37.6922361,-97.3375448
6019,2012,Follower,NotRecruited,Not recruited,Florida,Oakland Park,United States,26.1723065,-80.1319893
6020,2012,Follower,NotRecruited,Not recruited,Florida,Oakland Park,United States,26.1723065,-80.1319893
6022,2012,Leader,NotRecruited,Not recruited,Florida,Orlando,United States,28.5421218,-81.379045
6023,2013,Unknown,NotRecruited,Not recruited,North Carolina,Cary,United States,35.7882893,-78.7812081
6024,2014,Unknown,NotRecruited,Not recruited,California,Lodi,United States,38.1342805,-121.2736022
6025,2013,Follower,NotRecruited,Not recruited,New York,Brentwood,United States,40.7812093,-73.2462273
6029,2013,Follower,Unknown,Unknown,Pennsylvania,Pittsburgh,United States,40.4406968,-80.0025666
6030,2010,Follower,Unknown,Unknown,Michigan,Flint,United States,43.0161693,-83.6900211
6032,2013,Follower,Unknown,Unknown,Nevada,Las Vegas,United States,36.1674263,-115.1484131
6034,2013,Follower,NotRecruited,Not recruited,California,Garden Grove,United States,33.7746292,-117.9463717
6035,2013,NoGroup,NotRecruited,Not recruited,New Jersey,Pennsville,United States,39.6534464,-75.5165881
6037,2013,Unknown,Unknown,Unknown,Minnesota,Hastings,United States,44.7426933,-92.8518697
6039,2014,Follower,NotRecruited,Not recruited,Minnesota,Minneapolis,United States,44.9772995,-93.2654692
6042,2014,Leader,Unknown,Unknown,Georgia,Rome,United States,34.257038,-85.1646726
6043,2014,Follower,Unknown,Unknown,Georgia,Rome,United States,34.257038,-85.1646726
6044,2014,Follower,Unknown,Unknown,Pennsylvania,Albion,United States,41.8906112,-80.3664542
6045,2013,Follower,NotRecruited,Not recruited,Arizona,Phoenix,United States,33.4484367,-112.074141
6046,2014,Unknown,NotRecruited,Not recruited,Texas,Katy,United States,29.7857853,-95.8243956
6048,2014,Unknown,Recruited,Group member,Colorado,Arvada,United States,39.8005505,-105.0811573
6052,2014,Follower,NotRecruited,Not recruited,Nevada,Las Vegas,United States,36.1674263,-115.1484131
6054,2014,Unknown,Recruited,Other,Texas,Round Rock,United States,30.5085915,-97.6788056
6055,2014,Unknown,Unknown,Unknown,Texas,Austin,United States,30.2711286,-97.7436995
6056,2014,Unknown,NotRecruited,Not recruited,Washington,Seattle,United States,47.6038321,-122.330062
6057,2014,Unknown,NotRecruited,Not recruited,California,Orange,United States,33.7872568,-117.850308
6063,2014,Unknown,Unknown,Unknown,North Carolina,Salisbury,United States,35.6709727,-80.4742261
6064,2014,Unknown,NotRecruited,Not recruited,Texas,Corinth,United States,33.1540091,-97.0647322
6068,2014,Unknown,Recruited,Other,Illinois,Bolingbrook,United States,41.7003302,-88.0717708
6069,1997,Follower,NotRecruited,Not recruited,Montana,Yaak,United States,48.8319678,-115.7090665
6070,2014,Leader,Unknown,Unknown,Texas,Quinlan,United States,32.9104544,-96.1334891
6071,2014,Follower,Unknown,Unknown,Texas,Brownsville,United States,25.9024289,-97.4981698
6072,2014,Unknown,NotRecruited,Not recruited,New York,New York,United States,40.7127281,-74.0060152
6073,2014,NoGroup,NotRecruited,Not recruited,Connecticut,Bridgeport,United States,41.1792695,-73.1887863
6074,2014,Follower,Unknown,Unknown,Minnesota,Minneapolis,United States,44.9772995,-93.2654692
6075,2014,Follower,Unknown,Unknown,Minnesota,Minneapolis,United States,44.9772995,-93.2654692
6076,2014,Follower,Unknown,Unknown,Missouri,Saint Louis,United States,38.6254063,-90.190009
6078,2014,Associate,NotRecruited,Not recruited,Texas,Austin,United States,30.2711286,-97.7436995
6079,2015,Unknown,NotRecruited,Not recruited,Ohio,Green Township,United States,39.1648093,-84.6536214
6081,2001,Leader,NotRecruited,Not recruited,Florida,Tampa,United States,27.9449854,-82.4583107
6082,2015,Follower,Unknown,Not recruited,Missouri,Saint Louis,United States,38.6254063,-90.190009
6084,2015,Associate,NotRecruited,Not recruited,Missouri,Saint Louis,United States,38.6254063,-90.190009
6085,2015,Follower,Unknown,Unknown,New York,Utica,United States,43.1009031,-75.2326641
6086,2015,Follower,Unknown,Unknown,Illinois,Schiller Park,United States,41.9558637,-87.8708965
6087,2015,Follower,Unknown,Unknown,Illinois,Rockford,United States,42.2713945,-89.093966
6088,2015,NoGroup,NotRecruited,Not recruited,North Carolina,Chapel Hill,United States,35.9131542,-79.05578
6089,2014,Follower,NotRecruited,Not recruited,Nevada,Las Vegas,United States,36.1674263,-115.1484131
6090,2015,Follower,Unknown,Unknown,-99,-99,United States,NA,NA
6091,2015,Follower,Recruited,Group member,New York,New York,United States,40.7127281,-74.0060152
6092,2015,Follower,Unknown,Unknown,New York,New York,United States,40.7127281,-74.0060152
6093,2012,Unknown,Unknown,Unknown,Minnesota,Minneapolis,United States,44.9772995,-93.2654692
6095,2015,Follower,Unknown,Unknown,Minnesota,Minneapolis,United States,44.9772995,-93.2654692
6096,2015,Leader,NotRecruited,Not recruited,Texas,Austin,United States,30.2711286,-97.7436995
6097,2014,Follower,Recruited,Group member,Minnesota,Brooklyn Center,United States,45.0748543,-93.3296296
6098,2015,Follower,Recruited,Unknown,Minnesota,Minneapolis,United States,44.9772995,-93.2654692
6099,2015,Leader,Unknown,Unknown,Missouri,Saint Louis,United States,38.6254063,-90.190009
6100,2015,Leader,Recruited,Friend,Tennessee,La Vergne,United States,36.0201984,-86.5779196
6101,2012,Leader,Unknown,Unknown,Virginia,Alexandria,United States,38.8051095,-77.0470229
6107,2010,Follower,NotRecruited,Not recruited,New Jersey,Elmwood Park,United States,40.9074237,-74.1183543
6108,2006,Follower,NotRecruited,Not recruited,Ohio,Toledo,United States,41.6529143,-83.5378173
6110,2006,Follower,Recruited,Friend,Ohio,Toledo,United States,41.6529143,-83.5378173
6115,2009,Follower,Unknown,Unknown,Minnesota,Minneapolis,United States,44.9772995,-93.2654692
6116,2009,Follower,Recruited,Group member,Virginia,Alexandria,United States,38.8051095,-77.0470229
6117,2015,Unknown,Unknown,Unknown,New Jersey,Neptune City,United States,40.2001133,-74.0279152
6118,2015,Follower,NotRecruited,Not recruited,Illinois,Aurora,United States,41.7571701,-88.3147539
6119,2015,Follower,Recruited,Family,Illinois,Chicago,United States,41.8755616,-87.6244212
6120,2015,NoGroup,NotRecruited,Not recruited,Missouri,Stover,United States,38.4408563,-92.9918652
6121,2007,Follower,Recruited,Group member,Minnesota,Minneapolis,United States,44.9772995,-93.2654692
6122,2011,Follower,Unknown,Unknown,Minnesota,Minneapolis,United States,44.9772995,-93.2654692
6123,2010,Follower,Unknown,Unknown,New York,New York,United States,40.7127281,-74.0060152
6125,2013,Follower,Unknown,Unknown,Missouri,Kansas City,United States,39.100105,-94.5781416
6126,2015,NoGroup,NotRecruited,Not recruited,Georgia,Roswell,United States,34.02332,-84.360022
6128,2009,Associate,NotRecruited,Not recruited,Minnesota,Minneapolis,United States,44.9772995,-93.2654692
6129,2014,Leader,NotRecruited,Not recruited,Washington,Kent,United States,47.3826903,-122.2270272
6131,2009,Follower,Unknown,Unknown,Washington,Seattle,United States,47.6038321,-122.330062
6132,2015,Follower,Recruited,Group member,Minnesota,Minneapolis,United States,44.9772995,-93.2654692
6133,2014,NoGroup,NotRecruited,Not recruited,Montana,Columbia Falls,United States,48.3697168,-114.191582
6134,2014,NoGroup,NotRecruited,Not recruited,Utah,Tremonton,United States,41.7120775,-112.165779
6135,2014,Leader,Unknown,Unknown,California,Los Angeles,United States,34.0536909,-118.242766
6136,2014,Unknown,NotRecruited,Not recruited,California,Nevada County,United States,NA,NA
6137,2014,Unknown,Unknown,Unknown,Minnesota,Minneapolis,United States,44.9772995,-93.2654692
6138,2014,Unknown,Unknown,Unknown,Virginia,Henrico County,United States,NA,NA
6140,2015,Follower,Recruited,Family,Minnesota,Minneapolis,United States,44.9772995,-93.2654692
6142,2015,Follower,NotRecruited,Unknown,New York,New York,United States,40.7127281,-74.0060152
6143,2015,Follower,NotRecruited,Not recruited,New York,New York,United States,40.7127281,-74.0060152
6146,2015,Unknown,Recruited,Group member,Pennsylvania,Philadelphia,United States,39.9527237,-75.1635262
6147,2015,Unknown,NotRecruited,Not recruited,Wisconsin,Madison,United States,43.07469,-89.3841663
6148,2014,Follower,NotRecruited,Not recruited,Kansas,Topeka,United States,39.049011,-95.677556
6149,2015,Leader,Unknown,Unknown,Ohio,Columbus,United States,39.9622601,-83.0007065
6150,2014,Follower,Unknown,Unknown,Ohio,Columbus,United States,39.9622601,-83.0007065
6151,2015,Follower,NotRecruited,Not recruited,Kansas,Topeka,United States,39.049011,-95.677556
6152,2015,Follower,Recruited,Group member,Minnesota,Minneapolis,United States,44.9772995,-93.2654692
6153,2015,Follower,Recruited,Group member,Minnesota,Minneapolis,United States,44.9772995,-93.2654692
6154,2015,Follower,Unknown,Unknown,Minnesota,Minneapolis,United States,44.9772995,-93.2654692
6155,2015,Follower,Unknown,Unknown,Minnesota,Minneapolis,United States,44.9772995,-93.2654692
6156,2015,Follower,NotRecruited,Not recruited,Minnesota,Minneapolis,United States,44.9772995,-93.2654692
6157,2015,Follower,Recruited,Group member,Minnesota,Minneapolis,United States,44.9772995,-93.2654692
6158,2015,Follower,Recruited,Group member,California,San Diego,United States,32.7174202,-117.162772
6159,2015,Follower,NotRecruited,Not recruited,Arizona,Phoenix,United States,33.4484367,-112.074141
6160,2015,Follower,Unknown,Unknown,Arizona,Phoenix,United States,33.4484367,-112.074141
6161,2015,Follower,NotRecruited,Not recruited,Alabama,Hoover,United States,33.350293,-86.851123
6164,2015,Associate,Unknown,Unknown,Texas,Mesquite,United States,32.7666103,-96.599472
6169,2015,Follower,Unknown,Unknown,California,Anaheim,United States,33.8347516,-117.911732
6170,2015,Unknown,Unknown,Unknown,Georgia,Augusta,United States,33.4709714,-81.9748429
6171,2015,Unknown,Recruited,Unknown,Minnesota,Minneapolis,United States,44.9772995,-93.2654692
6172,2014,Follower,Unknown,Unknown,New York,New York,United States,40.7127281,-74.0060152
6173,2015,Follower,Recruited,Not recruited,Texas,Spring,United States,30.0795707,-95.4187924
6176,2015,Leader,NotRecruited,Not recruited,Tennessee,Signal Mountain,United States,35.1223478,-85.3436973
6177,2015,Follower,Unknown,Unknown,California,Anaheim,United States,33.8347516,-117.911732
6178,2016,Follower,Recruited,Family,Massachusetts,Boston,United States,42.3588336,-71.0578303
6179,2015,Follower,NotRecruited,Not recruited,Massachusetts,Everett,United States,42.4085897,-71.0542002
6180,2015,Follower,Recruited,Friend,Rhode Island,Warwick,United States,41.6992717,-71.4586114
6181,2015,Leader,NotRecruited,Not recruited,Virginia,Manassas,United States,38.7509488,-77.4752667
6182,2015,Follower,Recruited,Group member,Virginia,Woodbridge,United States,38.6626561,-77.2530729
6183,2015,Leader,Unknown,Unknown,Arizona,Phoenix,United States,33.4484367,-112.074141
6184,2015,Leader,Unknown,Unknown,New York,New York,United States,40.7127281,-74.0060152
6185,2015,Unknown,NotRecruited,Not recruited,South Carolina,Columbia,United States,34.000754,-81.0352313
6186,2015,Unknown,Unknown,Unknown,Ohio,Sheffield Lake,United States,41.48754,-82.101537
6187,2015,Follower,Recruited,Group member,New Jersey,Fort Lee,United States,40.8509333,-73.9701382
6188,2015,Follower,Unknown,Unknown,New York,New York,United States,40.7127281,-74.0060152
6189,2015,Unknown,Unknown,Not recruited,New York,New York,United States,40.7127281,-74.0060152
6190,2010,Leader,Recruited,Family,Ohio,Toledo,United States,41.6529143,-83.5378173
6191,2015,Follower,Unknown,Unknown,New Jersey,Fort Lee,United States,40.8509333,-73.9701382
6192,2015,Unknown,Unknown,Other,North Carolina,Morganton,United States,35.7454291,-81.6870837
6193,2015,Unknown,NotRecruited,Not recruited,Massachusetts,Adams,United States,42.6209431,-73.1204129
6194,2015,Unknown,NotRecruited,Not recruited,Tennessee,Hixson,United States,35.1406267,-85.2327349
6195,2002,Unknown,Unknown,Unknown,Virginia,Fairfax,United States,38.8462236,-77.3063733
6197,2015,Associate,Unknown,Unknown,New York,New York,United States,40.7127281,-74.0060152
6199,2014,Follower,NotRecruited,Not recruited,Texas,Austin,United States,30.2711286,-97.7436995
6203,2015,NoGroup,NotRecruited,Not recruited,Louisiana,Lafayette,United States,30.2262187,-92.0178202
6204,2015,Unknown,Unknown,Unknown,New York,Lackawanna,United States,42.8257735,-78.823648
6205,2015,Unknown,NotRecruited,Not recruited,Florida,Stock Island,United States,24.5672697,-81.7389769
6206,2015,Follower,NotRecruited,Not recruited,California,Oakland,United States,37.8044557,-122.271356
6207,2015,Unknown,NotRecruited,Not recruited,Florida,Miami,United States,25.7741566,-80.1935973
6208,2013,Unknown,Unknown,Unknown,California,Yuba City,United States,39.1404477,-121.6169108
6209,2013,Follower,NotRecruited,Not recruited,California,Marysville,United States,39.1457247,-121.5913516
6210,2013,Leader,NotRecruited,Not recruited,California,Marysville,United States,39.1457247,-121.5913516
6211,2004,Associate,NotRecruited,Not recruited,California,Palmdale,United States,34.5793131,-118.11711
6214,1996,Leader,Recruited,Group member,Illinois,Blue Island,United States,41.6573014,-87.679871
6215,2014,Leader,NotRecruited,Not recruited,Tennessee,Mountain City,United States,36.4745636,-81.804838
6217,2014,NoGroup,Unknown,Unknown,Colorado,Colorado Springs,United States,38.8339578,-104.825348
6219,2014,NoGroup,Unknown,Unknown,Illinois,Homewood,United States,41.5574046,-87.6651467
6221,2014,Follower,Unknown,Not recruited,Louisiana,Pearl River,United States,30.3760263,-89.7483974
6222,2011,Follower,NotRecruited,Not recruited,Mississippi,Crystal Springs,United States,31.9871757,-90.356182
6227,2014,Unknown,Unknown,Unknown,Tennessee,Giles County,United States,NA,NA
6228,2013,NoGroup,NotRecruited,Not recruited,Utah,Hurricane,United States,37.1750272,-113.289888
6229,2008,Leader,Unknown,Unknown,Missouri,Desloge,United States,37.8708846,-90.5273473
6241,2015,NoGroup,NotRecruited,Not recruited,New York,Wheatfield,United States,43.0974428,-78.8831174
6242,2015,Follower,Unknown,Unknown,Mississippi,Starkville,United States,33.4638745,-88.8152074
6243,2015,Follower,Unknown,Unknown,Mississippi,Starkville,United States,33.4638745,-88.8152074
6244,2015,Follower,Unknown,Unknown,New Jersey,Rutherford,United States,40.826489,-74.1068091
6245,2015,NoGroup,NotRecruited,Not recruited,Missouri,Saint Louis,United States,38.6254063,-90.190009
6246,2015,Follower,Unknown,Unknown,Florida,Lake City,United States,30.1894252,-82.6394803
6248,2015,Leader,Unknown,Unknown,Florida,Keystone Heights,United States,29.7860769,-82.0314892
6250,2006,Follower,Unknown,Unknown,Texas,Houston,United States,29.7589382,-95.3676974
6251,2012,NoGroup,Unknown,Unknown,Illinois,Chicago,United States,41.8755616,-87.6244212
6254,2015,Follower,Recruited,Friend,North Carolina,Gastonia,United States,35.2622654,-81.1838186
6261,2009,Follower,Unknown,Unknown,-99,-99,United States,NA,NA
6262,2015,Unknown,Unknown,Unknown,New York,Queens,United States,40.7135078,-73.8283132
6278,2015,Associate,NotRecruited,Not recruited,Arizona,Avondale,United States,33.4355977,-112.349602
6282,2002,Leader,Unknown,Unknown,New York,New York,United States,40.7127281,-74.0060152
6283,2015,NoGroup,NotRecruited,Not recruited,Mississippi,Saltillo,United States,34.3765897,-88.6844613
6285,2015,Follower,Recruited,Friend,Texas,Houston,United States,29.7589382,-95.3676974
6292,2015,Unknown,NotRecruited,Not recruited,Colorado,Boulder,United States,40.0149856,-105.270545
6296,2015,NoGroup,Unknown,Unknown,Louisiana,Clinton,United States,30.8657362,-91.0156594
6297,2015,NoGroup,NotRecruited,Not recruited,Michigan,Farmington Hills,United States,42.4853125,-83.3771553
6299,2014,Unknown,NotRecruited,Not recruited,Mississippi,Brandon,United States,32.2731475,-89.9868058
6300,2015,Associate,NotRecruited,Not recruited,New York,Hadley,United States,43.3177008,-73.8474816
6301,2015,Unknown,Unknown,Unknown,New York,Lake Luzerne,United States,43.3149644,-73.8382495
6306,2015,NoGroup,Unknown,Unknown,Washington,Seattle,United States,47.6038321,-122.330062
6313,2015,Leader,NotRecruited,Not recruited,Virginia,Chester,United States,37.3562229,-77.4460583
6315,2015,Follower,Unknown,Unknown,Virginia,Colonial Heights,United States,37.2555718,-77.4112016
6316,2016,Unknown,Unknown,Unknown,Ohio,Akron,United States,41.083064,-81.518485
6318,2015,NoGroup,Unknown,Unknown,Iowa,Dubuque,United States,42.5006243,-90.6647985
6319,2015,NoGroup,NotRecruited,Not recruited,Colorado,Hartsel,United States,39.0216302,-105.7967842
6320,2015,Follower,Unknown,Unknown,Minnesota,Bloomington,United States,44.8322405,-93.3204872
6321,2015,Follower,Unknown,Unknown,Minnesota,Eagan,United States,44.818173,-93.1659179
6322,2015,Follower,Unknown,Unknown,Minnesota,Hermantown,United States,46.8068852,-92.2382464
6323,2015,Follower,Unknown,Unknown,Minnesota,Pine City,United States,45.8260672,-92.9685423
6325,2015,Associate,NotRecruited,Not recruited,California,Redlands,United States,34.0550328,-117.1827445
6326,2015,Leader,NotRecruited,Not recruited,Minnesota,Minneapolis,United States,44.9772995,-93.2654692
6327,2015,Follower,Recruited,Friend,California,Riverside,United States,33.9824949,-117.374238
6328,2015,Follower,Unknown,Not recruited,Pennsylvania,Harrisburg,United States,40.2663107,-76.8861122
6329,2015,NoGroup,NotRecruited,Not recruited,California,Richmond,United States,37.9357576,-122.347748
6330,2015,Unknown,Recruited,Group member,New York,Rochester,United States,43.157285,-77.615214
6332,2016,Follower,Unknown,Unknown,Texas,Houston,United States,29.7589382,-95.3676974
6333,2016,Unknown,Unknown,Unknown,Pennsylvania,Philadelphia,United States,39.9527237,-75.1635262
6334,2014,Leader,Unknown,Unknown,-99,-99,United States,NA,NA
6335,2015,Associate,Recruited,Friend,Maryland,Edgewood,United States,39.4187194,-76.2944016
6336,2015,Follower,Unknown,Unknown,Minnesota,Minneapolis,United States,44.9772995,-93.2654692
6337,2015,Associate,NotRecruited,Not recruited,California,Irvine,United States,33.6856969,-117.825981
6338,2016,NoGroup,NotRecruited,Not recruited,Wisconsin,Milwaukee,United States,43.0386475,-87.9090751
6340,2015,Unknown,Unknown,Unknown,California,Rossmoor,United States,37.8613132,-122.0669457
6342,2016,Leader,NotRecruited,Not recruited,Arizona,Phoenix,United States,33.4484367,-112.074141
6343,2016,Follower,Unknown,Unknown,Idaho,Hailey,United States,43.519629,-114.315325
6345,2016,Leader,Unknown,Unknown,Arizona,Dewey-Humboldt,United States,34.5032243,-112.2425051
6346,2016,Associate,Unknown,Unknown,Arizona,Peoria,United States,33.5806115,-112.237294
6347,2016,Unknown,NotRecruited,Not recruited,Florida,Kendall,United States,25.6792695,-80.3172743
6349,2016,Follower,Recruited,Friend,Virginia,Woodbridge,United States,38.6626561,-77.2530729
6350,2016,Follower,NotRecruited,Not recruited,Virginia,Woodbridge,United States,38.6626561,-77.2530729
6351,2017,Follower,Unknown,Unknown,Arizona,Cottonwood,United States,34.7475612,-112.0272397
6352,2016,Leader,NotRecruited,Not recruited,Montana,Anaconda,United States,46.1294685,-112.953131
6353,2016,Leader,NotRecruited,Not recruited,Utah,Cedar City,United States,37.6774238,-113.061827
6354,2016,Follower,Unknown,Unknown,Nevada,Bunkerville,United States,36.771772,-114.126766
6355,2016,Follower,NotRecruited,Not recruited,Utah,Kanab,United States,37.0481715,-112.5285237
6356,2016,Follower,NotRecruited,Not recruited,Ohio,Cincinnati,United States,39.1012809,-84.5127405
6357,2014,NoGroup,NotRecruited,Not recruited,Georgia,Bonaire,United States,32.5438429,-83.5960264
6358,2016,Follower,NotRecruited,Not recruited,Oregon,Irrigon,United States,45.8956885,-119.491411
6359,2016,Follower,NotRecruited,Not recruited,Utah,Provo,United States,40.2337289,-111.6587085
6360,2016,Follower,NotRecruited,Not recruited,Idaho,Riggins,United States,45.4221105,-116.315411
6361,2016,Follower,Unknown,Unknown,Ohio,Blanchester,United States,39.2931174,-83.9888205
6362,2016,Follower,NotRecruited,Not recruited,Nevada,Elko,United States,40.83269,-115.7630942
6363,2016,Follower,Unknown,Unknown,Idaho,Riggins,United States,45.4221105,-116.315411
6366,2016,Unknown,Unknown,Unknown,Michigan,Dearborn Heights,United States,42.3369816,-83.2732627
6368,2016,Follower,Unknown,Unknown,Maryland,Baltimore,United States,39.2908816,-76.610759
6369,2016,Unknown,NotRecruited,Not recruited,Missouri,Bolivar,United States,37.6136916,-93.4107968
6370,2015,Unknown,Unknown,Unknown,California,Fremont,United States,37.5482697,-121.988571
6373,2016,Unknown,NotRecruited,Not recruited,Washington,Montesano,United States,46.9812063,-123.602662
6376,2016,Follower,NotRecruited,Not recruited,Virginia,Alexandria,United States,38.8051095,-77.0470229
6377,2015,Unknown,NotRecruited,Not recruited,California,Merced,United States,37.3029568,-120.4843269
6378,2014,NoGroup,NotRecruited,Not recruited,New York,New York,United States,40.7127281,-74.0060152
6379,2016,NoGroup,NotRecruited,Not recruited,Florida,Hollywood,United States,26.0112014,-80.1494901
6380,2016,Unknown,Recruited,Group member,Minnesota,Glencoe,United States,44.7691886,-94.1515671
6381,2016,Follower,Recruited,Family,Ohio,Reynoldsburg,United States,39.9547861,-82.8121191
6382,2016,Follower,Unknown,Unknown,California,Palo Alto,United States,37.4443293,-122.1598465
6383,2016,Follower,NotRecruited,Not recruited,California,Palo Alto,United States,37.4443293,-122.1598465
6384,2016,Follower,Unknown,Unknown,California,Gilroy,United States,37.0065078,-121.5631723
6385,2016,Follower,Unknown,Unknown,Texas,Plano,United States,33.0136764,-96.6925096
6386,2016,Follower,Unknown,Unknown,Texas,Denton,United States,33.215038,-97.1330431
6387,2016,Follower,Unknown,Unknown,Virginia,-99,United States,NA,NA
6388,2016,Follower,Unknown,Unknown,Massachusetts,Boston,United States,42.3588336,-71.0578303
6389,2015,Follower,Unknown,Unknown,Washington,Seattle,United States,47.6038321,-122.330062
6390,2016,Follower,Unknown,Unknown,-99,-99,United States,NA,NA
6391,2016,Unknown,NotRecruited,Not recruited,Florida,Fort Pierce,United States,27.4467056,-80.3256056
6392,2016,Unknown,NotRecruited,Not recruited,Arizona,Tucson,United States,32.2228765,-110.974847
6393,2016,Unknown,Recruited,Group member,Virginia,Sterling,United States,39.0017455,-77.4033349
6394,2016,Follower,Recruited,Unknown,New York,New York,United States,40.7127281,-74.0060152
6395,2016,Unknown,NotRecruited,Not recruited,Texas,Mesquite,United States,32.7666103,-96.599472
6396,2016,Unknown,NotRecruited,Not recruited,Indiana,Brownsburg,United States,39.8444409,-86.3968962
6397,2016,Unknown,Unknown,Unknown,Virginia,Burke,United States,38.7771321,-77.2754691
6401,2015,Unknown,Recruited,Group member,Ohio,West Chester,United States,39.3303357,-84.408275
6403,2016,Follower,NotRecruited,Not recruited,Minnesota,Minneapolis,United States,44.9772995,-93.2654692
6404,2015,Unknown,Unknown,Unknown,Ohio,Toledo,United States,41.6529143,-83.5378173
6405,2016,Follower,Recruited,Family,Minnesota,Minneapolis,United States,44.9772995,-93.2654692
6406,2016,NoGroup,NotRecruited,Not recruited,Tennessee,Bristol,United States,36.5945034,-82.1885212
6407,2016,NoGroup,NotRecruited,Not recruited,New York,Mount Sinai,United States,40.9470432,-73.0295495
6408,2016,Unknown,NotRecruited,Not recruited,Georgia,Atlanta,United States,33.7544657,-84.3898151
6410,2016,Follower,Unknown,Unknown,New York,New York,United States,40.7127281,-74.0060152
6412,2016,Follower,Recruited,Family,Minnesota,Minneapolis,United States,44.9772995,-93.2654692
6413,2016,Follower,NotRecruited,Not recruited,Florida,West Palm Beach,United States,26.715364,-80.0532942
6414,2016,Follower,Unknown,Unknown,Florida,West Palm Beach,United States,26.715364,-80.0532942
6415,2016,Follower,Unknown,Unknown,Florida,Lake Park,United States,26.8002153,-80.0661631
6416,2015,Follower,Unknown,Unknown,Ohio,Toledo,United States,41.6529143,-83.5378173
6417,2015,Follower,Unknown,Unknown,Kansas,Overland Park,United States,38.9742502,-94.6851702
6418,2015,Follower,NotRecruited,Not recruited,Ohio,Columbus,United States,39.9622601,-83.0007065
6419,2015,Follower,Recruited,Friend,New York,New York,United States,40.7127281,-74.0060152
6420,2016,Follower,Unknown,Unknown,New York,New York,United States,40.7127281,-74.0060152
6423,2016,Follower,Unknown,Unknown,Virginia,Fairfax,United States,38.8462236,-77.3063733
6428,2016,Unknown,Unknown,Unknown,Michigan,Detroit,United States,42.3315509,-83.046640300000007
6429,2016,Unknown,Unknown,Unknown,Florida,Pensacola,United States,30.421309,-87.2169149
6430,2016,Leader,Unknown,Unknown,North Carolina,Charlotte,United States,35.2272086,-80.8430827
6432,2016,Follower,Unknown,Unknown,Indiana,Evansville,United States,37.970495,-87.5715641
6434,2016,Unknown,Unknown,Unknown,California,Santa Rosa,United States,38.4404925,-122.7141049
6435,2013,NoGroup,Unknown,Unknown,Washington,Vancouver,United States,45.6306954,-122.6744557
6437,2016,Follower,Unknown,Unknown,Ohio,Toledo,United States,41.6529143,-83.5378173
6438,2016,Follower,NotRecruited,Not recruited,Ohio,Toledo,United States,41.6529143,-83.5378173
6439,2016,Unknown,NotRecruited,Not recruited,Vermont,Brattleboro,United States,42.8507588,-72.5572913
6440,2016,Unknown,NotRecruited,Not recruited,Vermont,Brattleboro,United States,42.8507588,-72.5572913
6441,2016,Unknown,Unknown,Unknown,Virginia,Roanoke,United States,37.270973,-79.9414313
6442,2016,Follower,NotRecruited,Not recruited,Maine,Portland,United States,43.6573605,-70.2586618
6443,2013,NoGroup,Unknown,Unknown,Indiana,Bloomington,United States,39.1670396,-86.5342881
6444,2016,NoGroup,NotRecruited,Not recruited,Washington,Richland,United States,46.2804298,-119.275205
6445,2016,NoGroup,NotRecruited,Not recruited,Georgia,College Park,United States,33.6534427,-84.4493725
6446,2016,NoGroup,NotRecruited,Not recruited,Massachusetts,Bridgewater,United States,41.9902206,-70.9754432
6450,2016,Associate,Unknown,Unknown,Washington,Selah,United States,46.6540065,-120.530272
6451,2013,NoGroup,Unknown,Unknown,Missouri,Joplin,United States,37.0841838,-94.5133385
6452,2014,NoGroup,Unknown,Unknown,West Virginia,Weirton,United States,40.4002396,-80.5899788
6453,2014,Unknown,Unknown,Unknown,Georgia,Cumming,United States,34.2073196,-84.1401926
6455,2016,NoGroup,NotRecruited,Not recruited,Nevada,Las Vegas,United States,36.1674263,-115.1484131
6456,2014,NoGroup,NotRecruited,Not recruited,Missouri,Kansas City,United States,39.100105,-94.5781416
6458,2015,NoGroup,NotRecruited,Not recruited,Connecticut,Meriden,United States,41.5381803,-72.8026908
6459,2015,NoGroup,NotRecruited,Not recruited,California,Desert Shores,United States,33.4044911,-116.0400869
6460,2015,NoGroup,NotRecruited,Not recruited,Minnesota,East Grand Forks,United States,47.9317013,-97.0175792
6461,2016,NoGroup,NotRecruited,Not recruited,Florida,Jacksonville,United States,30.3262247,-81.6579179
6462,2015,NoGroup,NotRecruited,Not recruited,Virginia,Falls Church,United States,38.882334,-77.1710914
6463,2016,NoGroup,NotRecruited,Not recruited,California,Compton,United States,33.894927,-118.226624
6465,2014,Follower,NotRecruited,Not recruited,Colorado,Boulder,United States,40.0149856,-105.270545
6466,2015,Follower,NotRecruited,Not recruited,Pennsylvania,Philadelphia,United States,39.9527237,-75.1635262
6467,2008,Follower,Unknown,Not recruited,District of Columbia,Washington,United States,38.8950982,-77.0363849
6468,2015,Follower,Unknown,Unknown,Pennsylvania,Lewisburg,United States,40.9645337,-76.8847639
6469,2013,Follower,NotRecruited,Not recruited,North Carolina,Hot Springs,United States,35.8923253,-82.8290318
6471,2016,NoGroup,NotRecruited,Not recruited,Indiana,Jeffersonville,United States,38.2770227,-85.7371604
6472,2016,Unknown,Unknown,Unknown,Illinois,Godfrey,United States,38.9556031,-90.1867765
6473,2016,Leader,Unknown,Unknown,Texas,Houston,United States,29.7589382,-95.3676974
6476,2016,Leader,NotRecruited,Not recruited,Tennessee,Surgoinsville,United States,36.4709298,-82.851829
6477,2016,Unknown,NotRecruited,Not recruited,Indiana,Indianapolis,United States,39.7683331,-86.1583502
6480,2016,NoGroup,NotRecruited,Not recruited,New York,New York,United States,40.7127281,-74.0060152
6481,2016,NoGroup,NotRecruited,Not recruited,Florida,Port Saint Lucie,United States,27.2939333,-80.3503283
6482,2016,Unknown,NotRecruited,Not recruited,Kentucky,Maysville,United States,38.6474569,-83.7644793
6483,2016,NoGroup,NotRecruited,Not recruited,Florida,Fort Pierce,United States,27.4467056,-80.3256056
6484,2016,Unknown,Unknown,Unknown,New Jersey,Elizabeth,United States,40.6639916,-74.2107006
6485,2016,Unknown,Unknown,Unknown,Minnesota,Saint Cloud,United States,45.5616075,-94.1642004
6488,2016,Leader,NotRecruited,Not recruited,Arizona,Chino Valley,United States,34.7575227,-112.45378
6491,2016,Unknown,NotRecruited,Not recruited,Maryland,Hyattsville,United States,38.9529442,-76.9408647
6492,2014,Unknown,NotRecruited,Not recruited,California,Los Angeles,United States,34.0536909,-118.242766
6505,2016,Unknown,NotRecruited,Not recruited,Louisiana,Ponchatoula,United States,30.4388041,-90.4414762
6506,2016,Unknown,Unknown,Unknown,Texas,Beaumont,United States,30.0829344,-94.0984277
6507,2016,Follower,NotRecruited,Not recruited,Arizona,Florence,United States,33.0314508,-111.387343
6508,2016,Follower,NotRecruited,Not recruited,Kansas,Liberal,United States,37.0430812,-100.920999
6509,2016,Leader,NotRecruited,Not recruited,Kansas,Liberal,United States,37.0430812,-100.920999
6510,2016,Follower,NotRecruited,Not recruited,New York,New York,United States,40.7127281,-74.0060152
6511,2016,Leader,NotRecruited,Not recruited,Wisconsin,Milwaukee,United States,43.0386475,-87.9090751
6512,2016,Follower,NotRecruited,Not recruited,Wisconsin,Milwaukee,United States,43.0386475,-87.9090751
6513,2015,Unknown,Unknown,Unknown,West Virginia,Mineral Wells,United States,39.1904082,-81.5320773
6515,2015,Unknown,Unknown,Unknown,Florida,West Palm Beach,United States,26.715364,-80.0532942
6516,2015,Unknown,NotRecruited,Not recruited,North Carolina,Dudley,United States,35.2673857,-78.0374891
6517,2015,NoGroup,NotRecruited,Not recruited,West Virginia,Elkins,United States,38.925927,-79.8466552
6518,2015,Associate,NotRecruited,Not recruited,New York,Whitehall,United States,43.5557537,-73.4035591
6519,2016,Follower,Unknown,Unknown,Arizona,Florence,United States,33.0314508,-111.387343
6520,2012,NoGroup,NotRecruited,Not recruited,Arizona,Coolidge,United States,32.977839,-111.517624
6522,2015,Follower,NotRecruited,Not recruited,New York,New York,United States,40.7127281,-74.0060152
6523,2016,Leader,Unknown,Unknown,Washington,Seattle,United States,47.6038321,-122.330062
6524,2016,Leader,NotRecruited,Not recruited,Washington,Seattle,United States,47.6038321,-122.330062
6525,2016,Follower,NotRecruited,Not recruited,Oregon,Corvallis,United States,44.5645659,-123.2620435
6526,2016,Follower,Unknown,Unknown,Washington,Seattle,United States,47.6038321,-122.330062
6527,2016,Follower,NotRecruited,Not recruited,Rhode Island,Providence,United States,41.8239891,-71.4128343
6530,2016,NoGroup,NotRecruited,Not recruited,California,Agoura Hills,United States,34.1481692,-118.7655456
6531,2012,Follower,NotRecruited,Not recruited,Tennessee,Minor Hill,United States,35.0555363,-87.1578671
6532,2012,Follower,NotRecruited,Not recruited,Tennessee,Minor Hill,United States,35.0555363,-87.1578671
6533,2016,Follower,Unknown,Unknown,Michigan,Lansing,United States,42.7338254,-84.5546295
6534,2016,Leader,Unknown,Unknown,Michigan,Lansing,United States,42.7338254,-84.5546295
6537,2016,Unknown,NotRecruited,Not recruited,Ohio,Columbus,United States,39.9622601,-83.0007065
6540,2015,NoGroup,Unknown,Unknown,Missouri,Saint Louis,United States,38.6254063,-90.190009
6541,2015,NoGroup,NotRecruited,Not recruited,Washington,Seattle,United States,47.6038321,-122.330062
6542,2015,NoGroup,Unknown,Unknown,Kentucky,Shepherdsville,United States,37.9885936,-85.7158246
6544,2015,NoGroup,NotRecruited,Not recruited,Texas,Austin,United States,30.2711286,-97.7436995
6547,2014,Follower,Unknown,Unknown,California,-99,United States,37.4122712,-121.9576697
6548,2014,Follower,Unknown,Unknown,California,San Diego,United States,32.7174202,-117.162772
6549,2014,NoGroup,NotRecruited,Not recruited,Washington,Bellevue,United States,47.6144219,-122.192337
6558,2012,Leader,Unknown,Unknown,Indiana,Bloomington,United States,39.1670396,-86.5342881
6559,2012,Follower,Recruited,Other,Ohio,Lakewood,United States,41.4819932,-81.7981908
6560,2012,Follower,NotRecruited,Not recruited,Ohio,Cleveland,United States,41.4996574,-81.6936772
6561,2012,Follower,NotRecruited,Not recruited,Ohio,Berea,United States,41.3661614,-81.8543026
6562,2012,Follower,Recruited,Other,Ohio,Cleveland,United States,41.4996574,-81.6936772
6575,2016,NoGroup,NotRecruited,Not recruited,Florida,Wilton Manors,United States,26.1603626,-80.138934
6580,2016,Unknown,NotRecruited,Not recruited,Indiana,Crown Point,United States,41.4169806,-87.3653136
6581,2015,Leader,Recruited,Other,Georgia,Atlanta,United States,33.7544657,-84.3898151
6582,2015,Follower,NotRecruited,Not recruited,Kentucky,Frankfort,United States,38.2009055,-84.8732836
6583,2016,Unknown,NotRecruited,Not recruited,New York,New York,United States,40.7127281,-74.0060152
6584,2016,Unknown,NotRecruited,Not recruited,Ohio,Columbus,United States,39.9622601,-83.0007065
6585,2016,Unknown,Unknown,Unknown,Alabama,Birmingham,United States,33.5206824,-86.8024326
6586,2016,Unknown,NotRecruited,Not recruited,Alabama,Birmingham,United States,33.5206824,-86.8024326
6587,2016,Unknown,NotRecruited,Not recruited,Arizona,Phoenix,United States,33.4484367,-112.074141
6588,2016,Unknown,NotRecruited,Not recruited,Virginia,Suffolk,United States,36.7281341,-76.5834683
6594,2013,Follower,Unknown,Not recruited,Minnesota,Minneapolis,United States,44.9772995,-93.2654692
6596,2017,NoGroup,NotRecruited,Not recruited,Michigan,Kentwood,United States,42.8694731,-85.6447492
6597,2012,Unknown,NotRecruited,Not recruited,Minnesota,Saint Paul,United States,44.9497487,-93.0931028
6599,2003,Follower,Unknown,Unknown,New York,New York,United States,40.7127281,-74.0060152
6600,2013,Leader,NotRecruited,Not recruited,New York,New York,United States,40.7127281,-74.0060152
6601,2012,Follower,Unknown,Unknown,Pennsylvania,Philadelphia,United States,39.9527237,-75.1635262
6602,2016,Unknown,NotRecruited,Not recruited,Missouri,Saint Joseph,United States,39.7686055,-94.8466322
6604,2016,Follower,Unknown,Unknown,Florida,Miami,United States,25.7741566,-80.1935973
6606,2015,Follower,Unknown,Unknown,Michigan,Flushing,United States,43.0630834,-83.8510732
6607,2017,Follower,NotRecruited,Group member,District of Columbia,Washington,United States,38.8950982,-77.0363849
6610,2017,Leader,NotRecruited,Not recruited,California,Los Molinos,United States,40.0212684,-122.100266
6611,2017,Follower,Unknown,Unknown,Idaho,Nampa,United States,43.5780381,-116.5616885
6612,2017,Unknown,NotRecruited,Not recruited,Alaska,Anchorage,United States,61.2163129,-149.894852
6613,2017,Unknown,NotRecruited,Not recruited,Texas,Pampa,United States,35.536297,-100.9601552
6616,2017,NoGroup,NotRecruited,Not recruited,California,Davis,United States,38.5435526,-121.739005
6618,2011,Unknown,NotRecruited,Not recruited,New Jersey,Pennsville,United States,39.6534464,-75.5165881
6619,2017,Follower,Unknown,Unknown,District of Columbia,Washington,United States,38.8950982,-77.0363849
6620,2017,NoGroup,NotRecruited,Not recruited,South Carolina,Conway,United States,33.8360035,-79.0478143
6621,2017,Unknown,NotRecruited,Not recruited,Missouri,Columbia,United States,38.951883,-92.3337366
6622,2017,Unknown,NotRecruited,Not recruited,North Carolina,Cary,United States,35.7882893,-78.7812081
6623,2017,NoGroup,NotRecruited,Not recruited,Kansas,Olathe,United States,38.8838856,-94.81887
6627,2006,Leader,NotRecruited,Not recruited,Wisconsin,Madison,United States,43.07469,-89.3841663
6628,2017,Unknown,NotRecruited,Not recruited,New York,Commack,United States,40.8428759,-73.2928943
6629,2017,NoGroup,NotRecruited,Not recruited,North Carolina,Richlands,United States,34.8999056,-77.5463018
6630,2012,NoGroup,NotRecruited,Not recruited,Florida,Pensacola,United States,30.421309,-87.2169149
6636,2011,Associate,NotRecruited,Not recruited,Georgia,Fort Stewart,United States,31.8694349,-81.6077657
6637,2011,Follower,Recruited,Group member,Georgia,Fort Stewart,United States,31.8694349,-81.6077657
6638,2011,Leader,Recruited,Group member,Georgia,Fort Stewart,United States,31.8694349,-81.6077657
6640,2011,Follower,Unknown,Unknown,Georgia,Newnan,United States,33.3806716,-84.7996573
6641,2017,Unknown,NotRecruited,Not recruited,Texas,Victoria,United States,28.7997547,-97.0064246
6642,2017,NoGroup,NotRecruited,Not recruited,Illinois,Chicago,United States,41.8755616,-87.6244212
6643,2017,NoGroup,NotRecruited,Not recruited,Oregon,Salem,United States,44.9391565,-123.033121
6644,2017,NoGroup,NotRecruited,Not recruited,Florida,Fort Pierce,United States,27.4467056,-80.3256056
6645,2017,Unknown,Unknown,Unknown,Maryland,Baltimore,United States,39.2908816,-76.610759
6646,2017,NoGroup,NotRecruited,Not recruited,Maryland,Salisbury,United States,38.366027,-75.6009964
6647,2016,NoGroup,NotRecruited,Not recruited,Pennsylvania,Bethel Park,United States,40.3275697,-80.0394977
6649,2010,NoGroup,NotRecruited,Not recruited,Oregon,Corvallis,United States,44.5645659,-123.2620435
6651,2017,Follower,Unknown,Unknown,Illinois,Schaumburg,United States,42.0333608,-88.083406
6652,2017,Unknown,NotRecruited,Not recruited,Tennessee,Oak Ridge,United States,36.0103562,-84.2696449
6653,2017,Unknown,NotRecruited,Not recruited,Tennessee,Andersonville,United States,36.1986898,-84.0371392
6654,2001,Unknown,NotRecruited,Not recruited,Florida,-99,United States,27.0712127,-82.3200247
6655,2017,Unknown,NotRecruited,Not recruited,Tennessee,Powell,United States,36.0317472,-84.0279677
6656,2017,Unknown,NotRecruited,Not recruited,Tennessee,Del Rio,United States,35.9198223,-83.0257054
6657,2017,Unknown,NotRecruited,Not recruited,Tennessee,Newport,United States,35.9670412,-83.1876578
6658,2017,Unknown,NotRecruited,Not recruited,Tennessee,Greeneville,United States,36.1631981,-82.8310464
6659,2017,Unknown,NotRecruited,Not recruited,Tennessee,Powell,United States,36.0317472,-84.0279677
6660,2017,Unknown,NotRecruited,Not recruited,Tennessee,Powell,United States,36.0317472,-84.0279677
6661,2017,Unknown,NotRecruited,Not recruited,Tennessee,Clinton,United States,36.1034126,-84.1318632
6662,2017,NoGroup,NotRecruited,Not recruited,Colorado,Fort Collins,United States,40.5871782,-105.0770113
6663,2017,NoGroup,NotRecruited,Not recruited,Minnesota,Bloomington,United States,44.8322405,-93.3204872
6664,2017,Unknown,NotRecruited,Not recruited,South Carolina,Ladson,United States,32.9857275,-80.1098123
6666,2017,Unknown,NotRecruited,Not recruited,New Jersey,Lindenwold,United States,39.8244477,-74.9970088
6669,2017,Unknown,NotRecruited,Not recruited,New York,Colonie,United States,42.7178558,-73.8334554
6670,2017,NoGroup,NotRecruited,Not recruited,New York,Brooklyn,United States,40.6526006,-73.9497211
6673,2016,Unknown,Unknown,Unknown,Florida,Port Richey,United States,28.2716755,-82.7195451
6674,2015,Unknown,Unknown,Unknown,Florida,Port Richey,United States,28.2716755,-82.7195451
6675,2015,Unknown,Unknown,Unknown,Florida,Port Richey,United States,28.2716755,-82.7195451
6678,2016,Unknown,NotRecruited,Not recruited,Florida,Orange Park,United States,30.1654707,-81.7016346
6679,2017,Follower,Unknown,Unknown,California,Fresno,United States,36.7394421,-119.78483
6680,2017,Unknown,NotRecruited,Not recruited,Texas,Richardson,United States,32.9481789,-96.7297206
6681,2015,Follower,Unknown,Unknown,California,Bakersfield,United States,35.3738712,-119.019463
6685,2017,Unknown,NotRecruited,Not recruited,Illinois,Zion,United States,42.4501169,-87.8337753
6686,2017,Unknown,Unknown,Unknown,Illinois,Zion,United States,42.4501169,-87.8337753
6688,2017,Leader,Unknown,Unknown,California,Oakdale,United States,37.7665947,-120.8471545
6693,2017,Follower,Recruited,Group member,Pennsylvania,Bethlehem,United States,40.6178915,-75.3786521
6694,2017,Follower,Unknown,Unknown,Virginia,Annandale,United States,38.8303098,-77.1964966
6696,2017,NoGroup,NotRecruited,Not recruited,Washington,Auburn,United States,47.3075369,-122.2301808
6697,2017,NoGroup,NotRecruited,Not recruited,Washington,Seattle,United States,47.6038321,-122.330062
6698,2017,Unknown,NotRecruited,Not recruited,Texas,Austin,United States,30.2711286,-97.7436995
6699,2016,Follower,Unknown,Unknown,California,Anaheim,United States,33.8347516,-117.911732
6701,2017,Leader,Unknown,Unknown,Florida,Tampa,United States,27.9449854,-82.4583107
6702,2020,Follower,NotRecruited,Not recruited,Massachusetts,Leominister,United States,NA,NA
6703,2015,Unknown,NotRecruited,Not recruited,Oregon,Hillsboro,United States,45.5228939,-122.989827
6705,2014,Leader,Unknown,Unknown,Colorado,Denver,United States,39.7392364,-104.984862
6708,2017,Unknown,NotRecruited,Not recruited,Ohio,Dayton,United States,39.7589478,-84.1916069
6711,2017,NoGroup,NotRecruited,Not recruited,Ohio,Cincinnati,United States,39.1012809,-84.5127405
6713,2017,NoGroup,NotRecruited,Not recruited,Oregon,Portland,United States,45.5202471,-122.674194
6714,2017,NoGroup,NotRecruited,Not recruited,Washington,Seattle,United States,47.6038321,-122.330062
6715,2017,NoGroup,NotRecruited,Not recruited,Washington,Seattle,United States,47.6038321,-122.330062
6716,2017,NoGroup,NotRecruited,Not recruited,Florida,Stuart,United States,27.197983,-80.2519175
6717,2017,NoGroup,NotRecruited,Not recruited,California,San Rafael,United States,37.9747795,-122.5316686
6718,2017,Follower,Unknown,Unknown,Pennsylvania,Doylestown,United States,40.3100446,-75.1304588
6720,2017,Unknown,NotRecruited,Not recruited,New Jersey,Point Pleasant,United States,40.0831714,-74.0681931
6721,2017,Unknown,NotRecruited,Not recruited,District of Columbia,Washington,United States,38.8950982,-77.0363849
6722,2017,NoGroup,NotRecruited,Not recruited,Florida,Collier County,United States,NA,NA
6727,2014,Follower,NotRecruited,Not recruited,Utah,Salt Lake City,United States,40.7596198,-111.886797
6729,2013,Unknown,Unknown,Unknown,Connecticut,Portland,United States,41.5729076,-72.6406905
6730,2017,Leader,NotRecruited,Not recruited,Texas,Houston,United States,29.7589382,-95.3676974
6731,2017,Follower,NotRecruited,Not recruited,Texas,Alpine,United States,30.3602181,-103.6628596
6732,2016,Leader,NotRecruited,Not recruited,Texas,Alpine,United States,30.3602181,-103.6628596
6733,2016,NoGroup,NotRecruited,Not recruited,Texas,Alpine,United States,30.3602181,-103.6628596
6734,2017,Follower,Unknown,Unknown,Minnesota,Minneapolis,United States,44.9772995,-93.2654692
6735,2017,Unknown,Unknown,Unknown,Minnesota,Saint Paul,United States,44.9497487,-93.0931028
6736,2013,Follower,Unknown,Unknown,Wisconsin,Stevens Point,United States,44.5234467,-89.5844457
6737,2017,Follower,NotRecruited,Not recruited,Connecticut,New Haven,United States,41.3082138,-72.9250518
6738,2017,Leader,NotRecruited,Not recruited,Connecticut,New Haven,United States,41.3082138,-72.9250518
6740,1997,Follower,Unknown,Unknown,Connecticut,New Haven,United States,41.3082138,-72.9250518
6741,2017,Associate,NotRecruited,Not recruited,North Dakota,Cannon Ball,United States,46.3895659,-100.5968202
6742,2016,Unknown,Unknown,Unknown,Minnesota,-99,United States,NA,NA
6743,2016,NoGroup,NotRecruited,Not recruited,New Mexico,Aztec,United States,36.8220629,-107.992899
6745,2016,Leader,Unknown,Unknown,Tennessee,Memphis,United States,35.1460249,-90.0517638
6746,2017,Follower,Unknown,Unknown,Iowa,Des Moines,United States,41.5868654,-93.6249494
6747,2017,Unknown,Unknown,Unknown,Oklahoma,Tulsa,United States,36.1563122,-95.9927516
6748,2017,Leader,NotRecruited,Not recruited,Tennessee,Memphis,United States,35.1460249,-90.0517638
6749,2017,Unknown,Unknown,Unknown,Missouri,Rutledge,United States,40.3136488,-92.0882345
6750,2017,Leader,NotRecruited,Not recruited,Missouri,University City,United States,38.6569083,-90.3103443
6751,2017,Unknown,Unknown,Unknown,Tennessee,Germantown,United States,35.0867577,-89.8100858
6752,2017,Follower,NotRecruited,Not recruited,Arkansas,Mountain Home,United States,36.3361391,-92.3801187
6753,2017,Follower,Unknown,Unknown,Oklahoma,Glenpool,United States,35.9553523,-96.008778
6754,2017,Follower,Unknown,Unknown,Iowa,Des Moines,United States,41.5868654,-93.6249494
6755,2017,Leader,Unknown,Unknown,Tennessee,Memphis,United States,35.1460249,-90.0517638
6756,2017,Follower,NotRecruited,Not recruited,Missouri,Rutledge,United States,40.3136488,-92.0882345
6757,2016,Unknown,NotRecruited,Not recruited,Colorado,Denver,United States,39.7392364,-104.984862
6758,2017,NoGroup,NotRecruited,Not recruited,New York,New York,United States,40.7127281,-74.0060152
6759,2017,Follower,Unknown,Unknown,Texas,Houston,United States,29.7589382,-95.3676974
6760,2017,Unknown,NotRecruited,Not recruited,Florida,Kissimmee,United States,28.2918995,-81.4075838
6761,2017,NoGroup,NotRecruited,Not recruited,Oregon,Eugene,United States,44.0505054,-123.0950506
6763,2017,Unknown,NotRecruited,Not recruited,Missouri,Kansas City,United States,39.100105,-94.5781416
6766,2011,Unknown,Unknown,Unknown,California,Santa Barbara,United States,34.4221319,-119.702667
6767,2014,NoGroup,NotRecruited,Not recruited,Maryland,Greenbelt,United States,39.004607,-76.8756838
6768,2015,NoGroup,NotRecruited,Not recruited,Iowa,Ames,United States,42.0267567,-93.6170448
6770,2012,NoGroup,NotRecruited,Not recruited,New York,Queens,United States,40.7135078,-73.8283132
6771,2014,Follower,NotRecruited,Not recruited,Georgia,Alpharetta,United States,34.0755962,-84.2945964
6772,2011,Follower,Recruited,Friend,Mississippi,Brandon,United States,32.2731475,-89.9868058
6773,2011,Follower,Unknown,Unknown,Mississippi,Brandon,United States,32.2731475,-89.9868058
6774,2011,Follower,Unknown,Unknown,Mississippi,Brandon,United States,32.2731475,-89.9868058
6775,2015,Follower,Unknown,Unknown,Missouri,Springfield,United States,37.2081729,-93.2922715
6776,2015,Follower,Unknown,Unknown,Missouri,Springfield,United States,37.2081729,-93.2922715
6784,2015,NoGroup,NotRecruited,Not recruited,Florida,North Palm Beach,United States,26.8237944,-80.0559266
6785,2020,Follower,Unknown,Unknown,Arizona,-99,United States,NA,NA
6788,2015,NoGroup,NotRecruited,Not recruited,Massachusetts,Burlington,United States,42.5048167,-71.1956111
6789,2015,Unknown,NotRecruited,Not recruited,Massachusetts,Burlington,United States,42.5048167,-71.1956111
6790,2017,NoGroup,NotRecruited,Not recruited,California,Upland,United States,34.09751,-117.6483876
6792,2015,NoGroup,NotRecruited,Not recruited,California,Fresno,United States,36.7394421,-119.78483
6793,2016,NoGroup,NotRecruited,Not recruited,California,Fresno,United States,36.7394421,-119.78483
6794,2016,Unknown,NotRecruited,Not recruited,California,-99,United States,37.4122712,-121.9576697
6795,2016,Unknown,NotRecruited,Not recruited,California,-99,United States,37.4122712,-121.9576697
6796,2016,Unknown,Unknown,Unknown,California,Lancaster,United States,34.6981064,-118.1366153
6800,2016,NoGroup,NotRecruited,Not recruited,Illinois,Evanston,United States,42.0470043,-87.6846053
6801,2016,NoGroup,NotRecruited,Not recruited,Illinois,Evanston,United States,42.0470043,-87.6846053
6802,2016,NoGroup,NotRecruited,Not recruited,Indiana,Nashville,United States,39.207242,-86.2469472
6803,2016,NoGroup,NotRecruited,Not recruited,Iowa,Iowa City,United States,41.6612561,-91.5299106
6804,2016,NoGroup,NotRecruited,Not recruited,Kansas,Kansas City,United States,39.1134562,-94.626497
6806,2013,NoGroup,NotRecruited,Not recruited,New York,Manhattan,United States,40.7579554,-73.9855319
6807,2016,NoGroup,NotRecruited,Not recruited,Oregon,Klamath Falls,United States,42.224867,-121.78167
6808,2012,NoGroup,NotRecruited,Not recruited,Texas,Corpus Christi,United States,27.7635302,-97.4033191
6811,2016,Leader,NotRecruited,Not recruited,Wisconsin,Madison,United States,43.07469,-89.3841663
6812,2016,NoGroup,NotRecruited,Not recruited,New Jersey,Bayonne,United States,40.6687141,-74.1143091
6814,2011,Unknown,Unknown,Unknown,New York,Brooklyn,United States,40.6526006,-73.9497211
6815,2011,Follower,Unknown,Not recruited,New York,New York,United States,40.7127281,-74.0060152
6817,2017,NoGroup,NotRecruited,Not recruited,Montana,Belgrade,United States,45.776288,-111.1771685
6818,2017,NoGroup,NotRecruited,Not recruited,California,Bakersfield,United States,35.3738712,-119.019463
6819,2017,NoGroup,NotRecruited,Not recruited,Oregon,Portland,United States,45.5202471,-122.674194
6822,2001,Follower,Unknown,Unknown,New York,Sidney,United States,42.3157824,-75.392776
6823,2017,Leader,Recruited,Unknown,Virginia,Bumpass,United States,37.9634326,-77.7372791
6824,2017,Leader,Unknown,Unknown,Virginia,Waynesboro,United States,38.0686668,-78.8893999
6825,2017,Follower,Recruited,Family,Maryland,Silver Spring,United States,38.9959461,-77.0276231
6826,2017,Leader,NotRecruited,Not recruited,Florida,Tampa,United States,27.9449854,-82.4583107
6829,2017,Unknown,NotRecruited,Not recruited,Virginia,Charlottesville,United States,38.029306,-78.4766781
6831,2016,NoGroup,NotRecruited,Not recruited,Texas,Winnie,United States,29.8202205,-94.3840777
6832,2017,NoGroup,NotRecruited,Not recruited,Oregon,Portland,United States,45.5202471,-122.674194
6833,2017,NoGroup,NotRecruited,Not recruited,California,San Leandro,United States,37.7249296,-122.1560768
6835,2017,NoGroup,NotRecruited,Not recruited,North Carolina,Havelock,United States,34.8785,-76.9014457
6836,2017,NoGroup,Unknown,Unknown,North Carolina,Jacksonville,United States,34.7509962,-77.4309829
6837,2017,NoGroup,NotRecruited,Not recruited,New York,Brooklyn,United States,40.6526006,-73.9497211
6845,2017,NoGroup,NotRecruited,Not recruited,Illinois,Belleville,United States,38.5135805,-89.9841627
6846,2016,Unknown,NotRecruited,Not recruited,Michigan,Dearborn,United States,42.3222599,-83.1763145
6847,2017,Follower,Recruited,Group member,New York,New York,United States,40.7127281,-74.0060152
6849,2017,Unknown,NotRecruited,Not recruited,Alabama,Huntsville,United States,34.729847,-86.5859011
6850,2017,NoGroup,NotRecruited,Not recruited,Washington,Snoqualmie,United States,47.5289527,-121.827093
6854,2012,Leader,NotRecruited,Not recruited,Florida,Saint Cloud,United States,28.2498534,-81.2839038
6856,2012,Follower,Unknown,Unknown,Florida,Cocoa,United States,28.3556635,-80.7325345
6866,2017,Associate,NotRecruited,Not recruited,Hawaii,Honolulu,United States,21.304547,-157.855676
6867,2013,Leader,Unknown,Unknown,Alabama,Ozark,United States,31.4584764,-85.6405865
6869,2017,NoGroup,NotRecruited,Not recruited,Nebraska,Omaha,United States,41.2587459,-95.9383758
6873,2017,NoGroup,NotRecruited,Not recruited,California,Long Beach,United States,33.7690164,-118.191604
6875,2017,NoGroup,NotRecruited,Not recruited,New York,Brooklyn,United States,40.6526006,-73.9497211
6876,2017,NoGroup,NotRecruited,Not recruited,New York,Brooklyn,United States,40.6526006,-73.9497211
6877,2017,Unknown,NotRecruited,Not recruited,California,Oakland,United States,37.8044557,-122.271356
6878,2017,NoGroup,NotRecruited,Not recruited,Oregon,Portland,United States,45.5202471,-122.674194
6879,2016,Associate,Unknown,Unknown,Indiana,Fort Wayne,United States,41.0799898,-85.1386015
6882,2017,Unknown,Unknown,Unknown,Arizona,Phoenix,United States,33.4484367,-112.074141
6885,2016,NoGroup,NotRecruited,Not recruited,Washington,Seattle,United States,47.6038321,-122.330062
6887,2016,NoGroup,NotRecruited,Not recruited,North Carolina,Fayetteville,United States,35.0525759,-78.878292
6888,2016,NoGroup,NotRecruited,Not recruited,Florida,Sunrise,United States,26.1666888,-80.2787573
6893,2017,Unknown,NotRecruited,Not recruited,Kentucky,Florence,United States,38.9989499,-84.6266111
6895,2012,Follower,Unknown,Unknown,Virginia,Haymarket,United States,38.8121398,-77.6368038
6896,2017,NoGroup,NotRecruited,Not recruited,Texas,Houston,United States,29.7589382,-95.3676974
6897,2017,Unknown,NotRecruited,Not recruited,Oregon,Portland,United States,45.5202471,-122.674194
6898,2017,Leader,Unknown,Unknown,California,Sacramento,United States,38.5810606,-121.493895
6899,2017,Follower,Unknown,Unknown,Texas,College Station,United States,30.6183939,-96.3455991
6900,2017,Associate,Unknown,Unknown,Texas,Somerville,United States,30.3441909,-96.5291263
6901,2017,Associate,Unknown,Unknown,New York,Queens,United States,40.7135078,-73.8283132
6902,2016,Leader,Unknown,Unknown,Utah,Stockton,United States,40.4531829,-112.36104
6903,2017,Unknown,NotRecruited,Not recruited,Michigan,Ypsilanti,United States,42.241051,-83.6117646
6905,2017,Leader,Unknown,Unknown,Maryland,Baltimore,United States,39.2908816,-76.610759
6908,2004,Unknown,Unknown,Unknown,California,Los Angeles,United States,34.0536909,-118.242766
6910,2017,Associate,Unknown,Unknown,Virginia,Henrico,United States,37.6294756,-77.5189032
6915,2017,NoGroup,NotRecruited,Not recruited,New Jersey,Scotch Plains,United States,40.65538,-74.3898732
6923,2017,NoGroup,NotRecruited,Not recruited,California,Fullerton,United States,33.8708215,-117.929416
6924,2017,Follower,Unknown,Unknown,Minnesota,Saint Louis Park,United States,44.9475726,-93.3569023
6926,2016,NoGroup,NotRecruited,Not recruited,Arizona,Lake Havasu City,United States,34.4775296,-114.3379972
6933,2015,Unknown,Unknown,Unknown,California,Hermosa Beach,United States,33.8637822,-118.3992143
6934,2008,Follower,Unknown,Unknown,Pennsylvania,Pittsburgh,United States,40.4406968,-80.0025666
6944,2017,NoGroup,NotRecruited,Not recruited,North Carolina,Raleigh,United States,35.7803977,-78.6390989
6947,2017,Follower,NotRecruited,Not recruited,Texas,Plano,United States,33.0136764,-96.6925096
6948,2017,Associate,Unknown,Unknown,Texas,Plano,United States,33.0136764,-96.6925096
6951,2017,NoGroup,NotRecruited,Not recruited,Oregon,Portland,United States,45.5202471,-122.674194
6952,2017,Follower,Unknown,Unknown,Arkansas,Ward,United States,35.0303648,-91.950421
6954,2017,NoGroup,NotRecruited,Not recruited,Washington,Spokane,United States,47.6571934,-117.42351
6957,2017,NoGroup,NotRecruited,Not recruited,Tennessee,Murfreesboro,United States,35.8460396,-86.3921096
6958,2017,NoGroup,NotRecruited,Not recruited,Tennessee,Murfreesboro,United States,35.8460396,-86.3921096
6960,2016,NoGroup,NotRecruited,Not recruited,Massachusetts,Chelmsford,United States,42.5968617,-71.3517602
6963,2017,NoGroup,NotRecruited,Not recruited,Washington,Seattle,United States,47.6038321,-122.330062
6970,2017,Follower,Unknown,Unknown,Texas,Richmond,United States,29.5821811,-95.7607832
6972,2017,Unknown,NotRecruited,Not recruited,Texas,Pasadena,United States,29.6910753,-95.2092076
6978,2016,Follower,Unknown,Friend,Virginia,Prince William County,United States,NA,NA
6981,2017,Unknown,NotRecruited,Not recruited,New Jersey,Paterson,United States,40.9167654,-74.171811
6983,1983,NoGroup,NotRecruited,Not recruited,Georgia,Sunny Side,United States,33.3406695,-84.2907566
6984,1983,NoGroup,NotRecruited,Not recruited,Georgia,Sunny Side,United States,33.3406695,-84.2907566
6986,2017,NoGroup,NotRecruited,Not recruited,Georgia,Griffin,United States,33.2467807,-84.2640904
6989,2017,Leader,Unknown,Unknown,New York,New York,United States,40.7127281,-74.0060152
6990,2010,Unknown,NotRecruited,Not recruited,Illinois,Chicago,United States,41.8755616,-87.6244212
6993,2017,NoGroup,NotRecruited,Not recruited,California,Goshen,United States,36.3510616,-119.4201204
6997,2017,NoGroup,NotRecruited,Not recruited,Georgia,Cochran,United States,32.3885694,-83.3570727
7004,2017,NoGroup,NotRecruited,Not recruited,Michigan,Muskegon Heights,United States,43.201126,-86.238946
7011,2017,NoGroup,NotRecruited,Not recruited,Wisconsin,Junction City,United States,44.5908604,-89.7630017
7017,2017,NoGroup,NotRecruited,Not recruited,Illinois,Sycamore,United States,41.9889173,-88.6867538
7019,2012,Follower,Unknown,Unknown,Louisiana,LaPlace,United States,30.0771675,-90.485784
7020,2017,Associate,Unknown,Unknown,Washington,Port Orchard,United States,47.5315625,-122.6384056
7021,2016,Leader,Unknown,Unknown,North Carolina,Pelham,United States,36.5100403,-79.4710261
7024,2017,NoGroup,NotRecruited,Not recruited,Florida,Jacksonville,United States,30.3262247,-81.6579179
7030,2017,NoGroup,NotRecruited,Not recruited,New York,Yonkers,United States,40.9312099,-73.8987469
7038,2017,Follower,Unknown,Unknown,Colorado,Parker,United States,39.5184514,-104.7612638
7041,2017,Leader,Unknown,Unknown,Colorado,Denver,United States,39.7392364,-104.984862
7042,2017,Unknown,Unknown,Unknown,Colorado,Boulder,United States,40.0149856,-105.270545
7043,2017,Unknown,Unknown,Unknown,Texas,Corpus Christi,United States,27.7635302,-97.4033191
7046,2017,Follower,Unknown,Unknown,Texas,Corpus Christi,United States,27.7635302,-97.4033191
7049,2017,Follower,Unknown,Unknown,Texas,Corpus Christi,United States,27.7635302,-97.4033191
7053,2017,Follower,Unknown,Unknown,Texas,Corpus Christi,United States,27.7635302,-97.4033191
7074,2018,Unknown,Recruited,Group member,Virginia,Sterling,United States,39.0017455,-77.4033349
7079,2018,Follower,Unknown,Unknown,Missouri,Saint Charles,United States,38.783855,-90.481677
7081,2018,NoGroup,NotRecruited,Not recruited,Virginia,Lorton,United States,38.7043397,-77.220343
7087,2017,NoGroup,NotRecruited,Not recruited,Michigan,Novi,United States,42.48059,-83.4754913
7093,2017,Follower,Unknown,Unknown,Tennessee,Knoxville,United States,35.9603948,-83.9210261
7094,2018,Leader,Unknown,Unknown,Washington,Pierce County,United States,NA,NA
7098,2018,Follower,Unknown,Unknown,California,Santa Ana,United States,33.7494951,-117.873221
7100,2018,Leader,Unknown,Unknown,Florida,Middleburg,United States,30.0688512,-81.8603778
7115,2018,Follower,NotRecruited,Not recruited,Texas,Houston,United States,29.7589382,-95.3676974
7126,2018,NoGroup,NotRecruited,Not recruited,Florida,Parkland,United States,26.3100794,-80.23727
7131,2018,Unknown,Unknown,Unknown,California,Keyes,United States,37.5565994,-120.9154858
7132,2018,NoGroup,NotRecruited,Not recruited,Florida,Tampa,United States,27.9449854,-82.4583107
7144,2018,NoGroup,NotRecruited,Not recruited,Massachusetts,Beverly,United States,42.5489744,-70.8781883
7145,2017,NoGroup,NotRecruited,Not recruited,Missouri,Kansas City,United States,39.100105,-94.5781416
7154,2018,Leader,NotRecruited,Not recruited,Illinois,Paxton,United States,40.4603125,-88.0953201
7156,2018,Follower,Recruited,Friend,Illinois,Clarence,United States,40.4639241,-87.9708696
7157,2017,Follower,Unknown,Unknown,Illinois,Clarence,United States,40.4639241,-87.9708696
7158,2018,Unknown,NotRecruited,Not recruited,Florida,Jupiter,United States,26.9342246,-80.0942087
7161,2018,Unknown,NotRecruited,Not recruited,South Carolina,Anderson,United States,34.5068601,-82.6506264
7162,2018,Follower,Unknown,Unknown,Arizona,Tempe,United States,33.4255117,-111.940016
7163,2018,Associate,Unknown,Unknown,Arizona,Glendale,United States,33.5386858,-112.185994
7171,2016,Follower,Unknown,Unknown,Oregon,Medford,United States,42.3264181,-122.8718605
7179,2017,Unknown,Unknown,Unknown,Missouri,Wright City,United States,38.8275491,-91.0201422
7208,2020,Follower,Unknown,Unknown,Oregon,Grants Pass,United States,42.4393707,-123.3272489
7241,2020,Unknown,Unknown,Unknown,Massachusetts,Worcester,United States,42.2625621,-71.8018877
7243,2018,Unknown,Recruited,Family,Indiana,Elkhart,United States,41.6819935,-85.9766671
7282,2018,Unknown,NotRecruited,Not recruited,Tennessee,Nashville,United States,36.1622767,-86.7742984
7283,2018,NoGroup,NotRecruited,Not recruited,California,Irvine,United States,33.6856969,-117.825981
7294,2017,Unknown,Unknown,Unknown,Oregon,Corvallis,United States,44.5645659,-123.2620435
7295,2018,Unknown,NotRecruited,Not recruited,Texas,Plano,United States,33.0136764,-96.6925096
7297,2017,Leader,Recruited,Group member,North Carolina,Charlotte,United States,35.2272086,-80.8430827
7303,2018,NoGroup,NotRecruited,Not recruited,Georgia,Snellville,United States,33.857328,-84.0199108
7378,2018,NoGroup,NotRecruited,Not recruited,Florida,Cutler Bay,United States,25.5783,-80.3377
7398,2018,Unknown,NotRecruited,Not recruited,Wisconsin,Cudahy,United States,42.959738,-87.861471
7408,2018,Follower,Unknown,Unknown,Washington,Vancouver,United States,45.6306954,-122.6744557
7409,2018,Follower,Unknown,Unknown,Washington,Vancouver,United States,45.6306954,-122.6744557
7413,2018,Leader,Recruited,Group member,California,Sunnyvale,United States,37.3688301,-122.036349
7416,2018,Follower,Unknown,Unknown,Washington,Seattle,United States,47.6038321,-122.330062
7422,2018,Unknown,NotRecruited,Not recruited,Ohio,Maple Heights,United States,41.4154413,-81.5655597
7423,2018,NoGroup,NotRecruited,Not recruited,South Carolina,Summerville,United States,33.0186699,-80.1762704
7424,2018,Follower,Unknown,Unknown,Nevada,Henderson,United States,36.0319602,-114.9822716
7431,2018,Unknown,Unknown,Unknown,Alabama,Huntsville,United States,34.729847,-86.5859011
7467,2020,Follower,Unknown,Unknown,Arizona,-99,United States,NA,NA
7470,2018,Follower,Unknown,Unknown,Michigan,Dearborn,United States,42.3222599,-83.1763145
7472,2018,Follower,NotRecruited,Not recruited,Arizona,Tucson,United States,32.2228765,-110.974847
7473,2018,Associate,Unknown,Unknown,Pennsylvania,Roaring Spring,United States,40.3359086,-78.3908472
7476,2018,Follower,Unknown,Unknown,Pennsylvania,Marianna,United States,40.0247953,-80.1000562
7494,2007,Leader,Recruited,Family,Michigan,Flint,United States,43.0161693,-83.6900211
7495,2018,Unknown,Unknown,Unknown,Kansas,Shawnee,United States,39.0229714,-94.7145415
7498,2018,Unknown,Unknown,Unknown,Illinois,DeKalb,United States,41.9298644,-88.7501925
7502,2017,Leader,Unknown,Unknown,California,Huntington Beach,United States,33.6783336,-118.000016
7503,2017,Leader,Unknown,Unknown,California,Redondo Beach,United States,33.8398289,-118.3845942
7504,2018,Unknown,Unknown,Unknown,Louisiana,New Orleans,United States,29.9561422,-90.0733934
7537,2018,Follower,Recruited,Family,Georgia,Atlanta,United States,33.7544657,-84.3898151
7541,2017,Leader,Unknown,Unknown,Arizona,Lake Havasu City,United States,34.4775296,-114.3379972
7551,2018,NoGroup,NotRecruited,Not recruited,Massachusetts,Cambridge,United States,42.3656347,-71.1040018
7554,2018,NoGroup,NotRecruited,Not recruited,California,Encino,United States,34.1591324,-118.5016166
7555,2018,Unknown,NotRecruited,Not recruited,Tennessee,Murfreesboro,United States,35.8460396,-86.3921096
7558,2018,Unknown,Unknown,Unknown,Indiana,Cloverdale,United States,39.5147682,-86.7938969
7696,1992,Leader,Recruited,Group member,Florida,Cooper City,United States,26.057783,-80.2695109
7698,1992,Leader,Recruited,Family,Pennsylvania,Lancaster,United States,40.0379958,-76.3056707
7701,1989,Follower,NotRecruited,Not recruited,California,Glendora,United States,34.1361187,-117.865339
7702,2005,Leader,NotRecruited,Not recruited,New York,Brooklyn,United States,40.6526006,-73.9497211
7704,2006,Leader,Recruited,Group member,Florida,Ocala,United States,29.1871986,-82.1400923
7705,2016,Leader,NotRecruited,Not recruited,Florida,Jacksonville,United States,30.3262247,-81.6579179
7706,2003,Leader,NotRecruited,Not recruited,California,Paradise,United States,39.7596061,-121.6219177
7707,1988,Leader,NotRecruited,Not recruited,Wisconsin,Milwaukee,United States,43.0386475,-87.9090751
7708,1999,Leader,Unknown,Unknown,Michigan,Jackson County,United States,NA,NA
7709,1978,Leader,Recruited,Group member,Tennessee,Memphis,United States,35.1460249,-90.0517638
7710,2010,NoGroup,NotRecruited,Not recruited,Florida,Lake Worth,United States,26.6159698,-80.0569927
7711,2013,Follower,Recruited,Family,Indiana,Kokomo,United States,40.4864444,-86.1336351
7716,2010,Leader,Unknown,Unknown,Michigan,Jackson,United States,42.2465036,-84.4016963
7719,1996,Leader,Unknown,Unknown,Oklahoma,Tahlequah,United States,35.91537,-94.969956
7752,2017,Follower,Recruited,Group member,California,Lawndale,United States,33.8951219,-118.3526323
7753,2017,Follower,Recruited,Group member,California,Clayton,United States,37.9411668,-121.9357878
7755,2018,Unknown,Unknown,Unknown,Florida,Winter Haven,United States,28.0222435,-81.7328568
7761,2018,NoGroup,NotRecruited,Not recruited,New York,Tappan,United States,41.0218648,-73.9476357
7781,2018,Follower,Unknown,Unknown,New Jersey,Morristown,United States,40.7970382,-74.4809868
7789,2018,Leader,Unknown,Unknown,Illinois,Chicago,United States,41.8755616,-87.6244212
7800,2017,Follower,Unknown,Unknown,California,Redondo Beach,United States,33.8398289,-118.3845942
7802,2018,NoGroup,NotRecruited,Not recruited,Kentucky,Louisville,United States,38.2542376,-85.759407
7803,2018,Unknown,NotRecruited,Not recruited,Pennsylvania,Baldwin,United States,40.3381252,-79.9789405
7804,2018,NoGroup,NotRecruited,Not recruited,Florida,Plantation,United States,26.1275862,-80.2331036
7805,2018,Unknown,Unknown,Unknown,Alabama,Tuscaloosa,United States,33.2095614,-87.5675258
7807,2018,Unknown,NotRecruited,Not recruited,Ohio,Beavercreek,United States,39.7092262,-84.0632685
7810,2018,Leader,NotRecruited,Not recruited,California,Berkeley,United States,37.8708393,-122.272863
7817,2018,NoGroup,NotRecruited,Not recruited,Florida,Deltona,United States,28.904843,-81.2273119
7819,2018,Leader,Recruited,Friend,California,Berkeley,United States,37.8708393,-122.272863
7825,2018,Follower,Unknown,Unknown,District of Columbia,Washington,United States,38.8950982,-77.0363849
7828,2018,Unknown,NotRecruited,Not recruited,South Carolina,Columbia,United States,34.000754,-81.0352313
7892,2019,Follower,Unknown,Unknown,Florida,Lady Lake,United States,28.9174855,-81.9228604
8013,2020,Follower,Unknown,Unknown,Oregon,Medford,United States,42.3264181,-122.8718605
8295,2018,Unknown,NotRecruited,Not recruited,Ohio,Holland,United States,41.621718,-83.711604
8334,2019,NoGroup,NotRecruited,Not recruited,Washington,Seattle,United States,47.6038321,-122.330062
8335,2019,Unknown,NotRecruited,Not recruited,Georgia,Cumming,United States,34.2073196,-84.1401926
8337,2019,NoGroup,NotRecruited,Not recruited,New Jersey,Paterson,United States,40.9167654,-74.171811
8339,2019,Follower,NotRecruited,Not recruited,Massachusetts,Bridgewater,United States,41.9902206,-70.9754432
8340,2019,Follower,NotRecruited,Not recruited,Arizona,Fountain Hills,United States,33.6117105,-111.717361
8341,2018,Unknown,NotRecruited,Not recruited,Utah,Saint George,United States,NA,NA
8345,2019,Unknown,NotRecruited,Not recruited,Colorado,Denver,United States,39.7392364,-104.984862
8346,2019,NoGroup,NotRecruited,Not recruited,New York,Greece,United States,43.2581805,-77.6970101
8347,2019,NoGroup,NotRecruited,Not recruited,New York,East Rochester,United States,43.112157,-77.483559
8348,2019,Unknown,NotRecruited,Not recruited,New York,Greece,United States,43.2581805,-77.6970101
8349,2019,Follower,NotRecruited,Not recruited,Michigan,Lansing,United States,42.7338254,-84.5546295
8350,2019,Follower,NotRecruited,Not recruited,Michigan,Lansing,United States,42.7338254,-84.5546295
8351,2019,Follower,NotRecruited,Not recruited,Michigan,Lansing,United States,42.7338254,-84.5546295
8399,2018,Follower,NotRecruited,Not recruited,Florida,-99,United States,27.0712127,-82.3200247
8400,2019,Follower,NotRecruited,Not recruited,Texas,Fort Worth,United States,32.753177,-97.3327459
8401,2018,NoGroup,NotRecruited,Not recruited,California,Los Angeles,United States,34.0536909,-118.242766
8404,2019,NoGroup,NotRecruited,Not recruited,California,Fresno,United States,36.7394421,-119.78483
8405,2019,Unknown,Recruited,Unknown,New York,Cold Springs,United States,43.1328451,-76.2568727
8437,2020,Follower,NotRecruited,Not recruited,Arizona,Chandler,United States,33.3062031,-111.841185
8450,2020,Leader,NotRecruited,Not recruited,New Jersey,Monmouth Junction,United States,40.3789957,-74.5465436
8454,2020,Follower,Unknown,Unknown,Illinois,Assumption,United States,39.5203188,-89.0489712
8457,2020,Leader,NotRecruited,Not recruited,New Jersey,Monmouth Junction,United States,40.3789957,-74.5465436
8458,2020,NoGroup,NotRecruited,Not recruited,California,Martinez,United States,38.0138934,-122.1338674
8465,2020,NoGroup,NA,Not recruited,North Carolina,Mebane,United States,36.0959715,-79.2669619
8481,2020,Unknown,Unknown,Unknown,Oregon,Portland,United States,45.5202471,-122.674194
8491,2020,Follower,NotRecruited,Not recruited,Kentucky,Louisville,United States,38.2542376,-85.759407
8539,2019,Follower,NotRecruited,Not recruited,South Carolina,Fort Mill,United States,35.0073697,-80.9450759
8541,2019,Follower,NotRecruited,Not recruited,Ohio,Franklin,United States,39.5589474,-84.3041074
8542,2019,Follower,NotRecruited,Not recruited,Ohio,Ripley,United States,38.7456277,-83.8449245
8548,2020,Unknown,NA,Not recruited,District of Columbia,Washington,United States,38.8950982,-77.0363849
8549,2019,Follower,NotRecruited,Not recruited,Maryland,Silver Spring,United States,38.9959461,-77.0276231
8550,2019,Unknown,Unknown,Unknown,Hawaii,Kaneohe,United States,21.418555,-157.804184
8552,2019,Follower,NotRecruited,Not recruited,Minnesota,Cambridge,United States,45.5727408,-93.2243921
8555,2019,Follower,NotRecruited,Not recruited,California,San Marcos,United States,33.1352995,-117.1743395
8556,2019,NoGroup,NotRecruited,Not recruited,Washington,Omak,United States,48.4109853,-119.52755
8558,2019,NoGroup,NotRecruited,Not recruited,Tennessee,Cottonwood,United States,35.9736739,-86.9077796
8559,2018,Follower,NotRecruited,Not recruited,Pennsylvania,Philadelphia,United States,39.9527237,-75.1635262
8560,2019,Follower,Unknown,Unknown,Massachusetts,Lowell,United States,42.6414437,-71.3085329
8561,2019,Leader,NotRecruited,Not recruited,Massachusetts,Malden,United States,42.4268484,-71.0683741
8562,2019,Associate,NotRecruited,Not recruited,New York,Rochester,United States,43.157285,-77.615214
8648,2019,NoGroup,NotRecruited,Not recruited,California,Oakland,United States,37.8044557,-122.271356
8651,2019,Follower,NotRecruited,Not recruited,Maryland,Bethesda,United States,38.9846816,-77.0942447
8653,2012,NoGroup,NotRecruited,Not recruited,New Jersey,Ridgewood,United States,40.9796683,-74.1194403
8654,2018,Follower,NotRecruited,Not recruited,New York,Queens,United States,40.7135078,-73.8283132
8658,2020,Follower,Unknown,Unknown,Texas,-99,United States,32.9944454,-97.2295308
8864,2019,Follower,NotRecruited,Not recruited,Georgia,Hephzibah,United States,33.3140311,-82.0967857
8865,2019,Follower,NotRecruited,Not recruited,Colorado,Aurora,United States,39.7401441,-104.8733376
8867,2019,Leader,NotRecruited,Not recruited,Pennsylvania,Upper Darby,United States,39.9284459,-75.2737955
8868,2019,Leader,NotRecruited,Not recruited,Pennsylvania,Upper Darby,United States,39.9284459,-75.2737955
8874,2019,NoGroup,NotRecruited,Not recruited,New York,Syracuse,United States,43.0481221,-76.1474244
8876,2019,NoGroup,NotRecruited,Not recruited,Missouri,Columbia,United States,38.951883,-92.3337366
9004,2004,NoGroup,NotRecruited,Not recruited,Tennessee,Nashville,United States,36.1622767,-86.7742984
9006,1993,Associate,Unknown,Unknown,New York,New York,United States,40.7127281,-74.0060152
9050,2012,Follower,Recruited,Family,Texas,Austin,United States,30.2711286,-97.7436995
9052,2012,Follower,Recruited,Friend,California,Riverside,United States,33.9824949,-117.374238
9053,2012,Associate,Unknown,Unknown,California,Upland,United States,34.09751,-117.6483876
9054,2012,Follower,Recruited,Friend,California,Ontario,United States,34.065846,-117.64843
9055,2012,Leader,NotRecruited,Not recruited,California,Pomona,United States,34.0553813,-117.7517496
9058,2012,Follower,Recruited,Friend,New Jersey,Lodi,United States,40.8823215,-74.0831971
9059,2013,Associate,Unknown,Unknown,Idaho,Boise,United States,43.6166163,-116.200886
9060,2013,Leader,NotRecruited,Not recruited,Massachusetts,Cambridge,United States,42.3656347,-71.1040018
9061,2013,Follower,Recruited,Family,Massachusetts,Cambridge,United States,42.3656347,-71.1040018
9112,2001,Follower,Unknown,Unknown,Michigan,Dearborn,United States,42.3222599,-83.1763145
9120,2002,Follower,Unknown,Unknown,New York,New York,United States,40.7127281,-74.0060152
9127,2001,Leader,Unknown,Unknown,Texas,Richardson,United States,32.9481789,-96.7297206
9135,2002,Follower,NotRecruited,Not recruited,Oregon,Portland,United States,45.5202471,-122.674194
9163,2003,Follower,Recruited,Family,New York,New York,United States,40.7127281,-74.0060152
9167,2003,Leader,NotRecruited,Not recruited,New York,New York,United States,40.7127281,-74.0060152
9230,2006,Unknown,Unknown,Unknown,New York,Staten Island,United States,40.5834557,-74.1496048
9233,2004,Follower,Unknown,Unknown,New Jersey,Edison,United States,40.5005351,-74.3983939
9234,2017,Follower,NotRecruited,Not recruited,Texas,Plano,United States,33.0136764,-96.6925096
9283,2003,Follower,Unknown,Unknown,Michigan,Dearborn,United States,42.3222599,-83.1763145
9291,2005,NoGroup,NotRecruited,Not recruited,Ohio,Piqua,United States,40.1447732,-84.2424449
9298,2004,Leader,Unknown,Unknown,Minnesota,Minneapolis,United States,44.9772995,-93.2654692
9300,2002,Follower,NotRecruited,Not recruited,Virginia,Annandale,United States,38.8303098,-77.1964966
9318,2003,Follower,Unknown,Unknown,Michigan,Dearborn,United States,42.3222599,-83.1763145
9323,2001,Follower,Recruited,Family,Texas,Richardson,United States,32.9481789,-96.7297206
9330,2003,Associate,NotRecruited,Not recruited,New Jersey,Little Ferry,United States,40.8528777,-74.0420848
9354,2002,Follower,NotRecruited,Not recruited,California,San Diego,United States,32.7174202,-117.162772
9357,2003,Follower,Unknown,Unknown,Colorado,Denver,United States,39.7392364,-104.984862
9378,2006,Follower,Recruited,Friend,Texas,Houston,United States,29.7589382,-95.3676974
9392,2006,Leader,Unknown,Unknown,New York,Amherst,United States,42.9783924,-78.7997616
9404,2013,Follower,NotRecruited,Not recruited,Florida,Jacksonville,United States,30.3262247,-81.6579179
9405,2012,Follower,Unknown,Unknown,Illinois,Hillside,United States,41.8778084,-87.9028398
9406,2014,Follower,Unknown,Unknown,California,San Diego,United States,32.7174202,-117.162772
9407,2014,Follower,NotRecruited,Not recruited,Florida,Orlando,United States,28.5421218,-81.379045
9409,2014,NoGroup,NotRecruited,Not recruited,Pennsylvania,Canadensis,United States,41.1920351,-75.2512923
9410,2014,Unknown,NotRecruited,Not recruited,New York,Rochester,United States,43.157285,-77.615214
9411,2014,NoGroup,NotRecruited,Not recruited,Oklahoma,Moore,United States,35.3383254,-97.4867045
9528,2019,Unknown,NotRecruited,Not recruited,Maryland,Germantown,United States,39.181334,-77.266647
9529,2019,Associate,NotRecruited,Not recruited,New York,Bronx,United States,40.8466508,-73.8785937
9530,2019,NoGroup,NotRecruited,Not recruited,Louisiana,Leonville,United States,30.4704745,-91.9784508
9531,2019,NoGroup,NotRecruited,Not recruited,Pennsylvania,Lehighton,United States,40.8339907,-75.7135568
9532,2019,NoGroup,NotRecruited,Not recruited,New York,Addison,United States,42.1051571,-77.2340584
9534,2019,Leader,NotRecruited,Not recruited,New Mexico,Flora Vista,United States,36.7939546,-108.079821
9535,2019,Follower,NotRecruited,Not recruited,Missouri,Sugar Creek,United States,39.1097268,-94.4446742
9536,2019,NoGroup,Unknown,Unknown,Maine,Burlington,United States,45.2092264,-68.4266876
9537,2019,Unknown,Unknown,Unknown,New York,Greece,United States,43.2581805,-77.6970101
9538,2019,NoGroup,Unknown,Unknown,Missouri,Platte City,United States,39.3671841,-94.7795799
9550,2018,NoGroup,NotRecruited,Not recruited,New York,Brooklyn,United States,40.6526006,-73.9497211
9674,2020,NoGroup,NotRecruited,Not recruited,Nevada,Las Vegas,United States,36.1674263,-115.1484131
9717,2020,Leader,Unknown,Unknown,Arizona,-99,United States,NA,NA
9726,2020,NoGroup,NA,Not recruited,North Carolina,Snow Camp,United States,35.8934716,-79.4300199
9828,2020,NoGroup,NotRecruited,Not recruited,New York,Catskill,United States,42.2173102,-73.8645734
9857,2020,Follower,Unknown,Unknown,Utah,Midway,United States,40.5125438,-111.4748846
9877,2020,Leader,Unknown,Unknown,Pennsylvania,Reading,United States,40.335345,-75.9279495
9878,2019,Follower,NotRecruited,Not recruited,Colorado,Parker,United States,39.5184514,-104.7612638
9879,2020,NoGroup,NA,Not recruited,Delaware,Middletown,United States,39.4497639,-75.7166345
9880,2020,Associate,Recruited,Unknown,Virginia,Vienna,United States,38.9013729,-77.2651762
9884,2020,Leader,NotRecruited,Not recruited,Georgia,Silver Creek,United States,34.176207,-85.1613389
9885,2020,Follower,NotRecruited,Not recruited,Georgia,Dalton,United States,34.7691867,-84.9702475
9886,2020,Follower,NotRecruited,Not recruited,Georgia,Dacula,United States,33.9887165,-83.8979573
9887,2020,Follower,NotRecruited,Not recruited,Wisconsin,Oak Creek,United States,42.898729,-87.9177966
9890,2020,Follower,NotRecruited,Not recruited,Delaware,Newark,United States,39.6828358,-75.7515682
9891,2020,Follower,NotRecruited,Not recruited,Maryland,Denton,United States,38.8845583,-75.8271564
9892,2020,Follower,Unknown,Unknown,Connecticut,Stratford,United States,41.1923646,-73.1304917
9893,2020,NoGroup,NA,Not recruited,Florida,Orlando,United States,28.5421218,-81.379045
9894,2020,Unknown,Unknown,Unknown,Louisiana,New Orleans,United States,29.9561422,-90.0733934
9895,2020,NoGroup,NA,Not recruited,Florida,Sorrento,United States,28.8074809,-81.5599132
9896,2020,NoGroup,NA,Not recruited,Pennsylvania,Pittsburgh,United States,40.4406968,-80.0025666
9897,2019,NoGroup,NotRecruited,Not recruited,Michigan,Oakland Township,United States,42.7562531,-83.1553213
9898,2020,NoGroup,NA,Not recruited,Florida,Jacksonville,United States,30.3262247,-81.6579179
9899,2020,NoGroup,NA,Not recruited,New Hampshire,Windham,United States,42.8006441,-71.304229
9900,2020,Leader,NotRecruited,Not recruited,Texas,Montgomery,United States,30.3882613,-95.6963355
9901,2020,Follower,NotRecruited,Not recruited,Washington,Redmond,United States,47.6694141,-122.1238767
9902,2020,Follower,Unknown,Unknown,Florida,Spring Hill,United States,28.4635266,-82.5363557
9903,2020,Follower,Unknown,Unknown,Arizona,Queen Creek,United States,33.2483858,-111.634158
9904,2020,Follower,NotRecruited,Not recruited,Georgia,Canton,United States,34.2367621,-84.4907621
9905,2020,Associate,NotRecruited,Not recruited,North Carolina,Wilson,United States,35.7241718,-77.9115243
9907,2020,Follower,NotRecruited,Not recruited,Minnesota,Rochester,United States,44.0234387,-92.4630182
9908,2020,Follower,NotRecruited,Not recruited,Florida,Pensacola,United States,30.421309,-87.2169149
9909,2020,Follower,Unknown,Unknown,Texas,-99,United States,32.9944454,-97.2295308
9910,2020,Follower,Unknown,Unknown,Missouri,Raymore,United States,38.810131,-94.4676501
9911,2020,Unknown,Unknown,Unknown,Massachusetts,East Longmeadow,United States,42.064906,-72.5129296
9912,2020,Follower,Unknown,Unknown,New Mexico,Albuquerque,United States,35.0841034,-106.650985
9913,2020,Associate,Unknown,Unknown,Oregon,Portland,United States,45.5202471,-122.674194
9914,2020,NoGroup,NA,Not recruited,Florida,Orlando,United States,28.5421218,-81.379045
9916,2020,NoGroup,NotRecruited,Not recruited,Maryland,Halethorpe,United States,39.2398292,-76.6802471
9940,2020,Follower,Unknown,Unknown,Utah,Salt Lake City,United States,40.7596198,-111.886797
9941,2020,NoGroup,NotRecruited,Not recruited,Colorado,Florissant,United States,38.9458249,-105.2894358
9951,2019,Follower,Unknown,Unknown,Florida,-99,United States,27.0712127,-82.3200247
9954,2020,NoGroup,NotRecruited,Not recruited,Idaho,Meridian,United States,43.6086295,-116.392326
9955,2020,Follower,NotRecruited,Not recruited,Texas,Hooks,United States,33.4696541,-94.2859652
9956,2020,Follower,NotRecruited,Not recruited,Illinois,Peoria,United States,40.6938609,-89.5891008
9957,2020,Leader,NotRecruited,Not recruited,Arizona,Chandler,United States,33.3062031,-111.841185
9958,2020,Associate,Unknown,Unknown,Colorado,Loveland,United States,40.3977612,-105.07498
9959,2020,NoGroup,NotRecruited,Not recruited,Georgia,Brunswick,United States,31.1499528,-81.4914894
9960,2020,NoGroup,NotRecruited,Not recruited,Georgia,Brunswick,United States,31.1499528,-81.4914894
9961,2020,Leader,Unknown,Unknown,Texas,Prosper,United States,33.2371585,-96.7977048
9963,2020,Follower,NotRecruited,Not recruited,Florida,Tampa,United States,27.9449854,-82.4583107
9964,2020,Associate,Unknown,Unknown,Florida,Tampa,United States,27.9449854,-82.4583107
9965,2020,Follower,Unknown,Unknown,Texas,Corpus Christi,United States,27.7635302,-97.4033191
9968,2020,Associate,Unknown,Unknown,New York,Queens,United States,40.7135078,-73.8283132
9970,2020,NoGroup,NotRecruited,Not recruited,Georgia,Brunswick,United States,31.1499528,-81.4914894
9971,2020,Follower,NotRecruited,Not recruited,Arizona,Peoria,United States,33.5806115,-112.237294
9972,2020,NoGroup,NA,Not recruited,California,San Leandro,United States,37.7249296,-122.1560768
9975,2020,NoGroup,NA,Not recruited,Georgia,Stone Mountain,United States,33.8080924,-84.1706273
9976,2020,Associate,Unknown,Unknown,Tennessee,Hendersonville,United States,36.3049177,-86.621443
9977,2020,Follower,Unknown,Unknown,Ohio,Canton,United States,40.7985464,-81.3749508
9978,2020,NoGroup,NA,Not recruited,Illinois,Galesburg,United States,40.9475652,-90.3712169
9979,2020,Associate,Unknown,Unknown,Pennsylvania,Shaler Township,United States,40.5218904,-79.9616141
9980,2020,Follower,Unknown,Unknown,Tennessee,Chattanooga,United States,35.0457219,-85.3094883
9981,2020,Follower,Unknown,Unknown,Nevada,Las Vegas,United States,36.1674263,-115.1484131
9982,2020,Follower,Unknown,Unknown,Nevada,Las Vegas,United States,36.1674263,-115.1484131
9983,2020,Follower,Unknown,Unknown,Nevada,Las Vegas,United States,36.1674263,-115.1484131
9984,2020,Follower,Unknown,Unknown,North Carolina,Kernersville,United States,36.1198589,-80.0736533
9985,2020,NoGroup,NA,Not recruited,New York,Queens,United States,40.7135078,-73.8283132
9986,2020,Follower,Unknown,Unknown,South Carolina,Lexington,United States,33.9804494,-81.2374167
9987,2020,NoGroup,NA,Not recruited,Illinois,Chicago,United States,41.8755616,-87.6244212
9988,2020,NoGroup,NotRecruited,Not recruited,New York,Staten Island,United States,40.5834557,-74.1496048
9989,2020,Associate,NotRecruited,Not recruited,Virginia,Richlands,United States,37.0944752,-81.7997182
9990,2020,Associate,Unknown,Unknown,Texas,Austin,United States,30.2711286,-97.7436995
9991,2020,Associate,Unknown,Unknown,Texas,Austin,United States,30.2711286,-97.7436995
9992,2020,Associate,Unknown,Unknown,Texas,Austin,United States,30.2711286,-97.7436995
9993,2020,Leader,Unknown,Unknown,Virginia,Hanover,United States,37.766531,-77.3702584
9996,2020,NoGroup,NA,Not recruited,Missouri,Perryville,United States,37.7275127,-89.8645455
9998,2020,Follower,Recruited,Group member,California,Ben Lomond,United States,37.0891143,-122.086352
9999,2020,Follower,NotRecruited,Not recruited,California,Millbrae,United States,37.598958,-122.400941
10005,2020,NoGroup,NA,Not recruited,New Jersey,Atlantic City,United States,39.3642852,-74.4229351
10006,2020,NoGroup,NA,Not recruited,Illinois,Urbana,United States,40.1117174,-88.207301
10007,2020,Leader,Unknown,Unknown,Tennessee,Knoxville,United States,35.9603948,-83.9210261
10008,2020,Follower,Unknown,Unknown,Tennessee,Knoxville,United States,35.9603948,-83.9210261
10009,2020,Follower,Unknown,Unknown,Tennessee,Maryville,United States,35.7564719,-83.9704593
10010,2020,Follower,Unknown,Unknown,Tennessee,Knoxville,United States,35.9603948,-83.9210261
10011,2020,Follower,Unknown,Unknown,Tennessee,Louisville,United States,35.8217479,-84.0479643
10012,2020,Follower,Unknown,Unknown,Tennessee,Johnson City,United States,36.3167671,-82.352903
10013,2020,Follower,Unknown,Unknown,Arizona,Vail,United States,32.0477416,-110.711909
10014,2020,Follower,Unknown,Unknown,Tennessee,Morristown,United States,36.2139814,-83.2948923
10016,2020,Leader,Unknown,Unknown,Wisconsin,Neenah,United States,44.1858193,-88.462609
10018,2020,Follower,NotRecruited,Not recruited,Pennsylvania,Kirkwood,United States,39.856692,-76.0774636
10019,2020,NoGroup,NA,Not recruited,Virginia,Richmond,United States,37.5385087,-77.43428
10020,2020,Associate,Unknown,Unknown,New York,Cuba,United States,42.2175668,-78.2752927
10021,2020,NoGroup,NotRecruited,Not recruited,Vermont,Bennington,United States,42.8788667,-73.1968205
10022,2020,Follower,Unknown,Unknown,California,Gilroy,United States,37.0065078,-121.5631723
10023,2020,Follower,NotRecruited,Not recruited,New York,New York,United States,40.7127281,-74.0060152
10025,2020,NoGroup,NA,Not recruited,New York,New York,United States,40.7127281,-74.0060152
10026,2020,NoGroup,NA,Not recruited,New York,New York,United States,40.7127281,-74.0060152
10027,2020,NoGroup,NA,Not recruited,Washington,Tacoma,United States,47.2455013,-122.438329
10028,2020,NoGroup,NA,Not recruited,Washington,Tacoma,United States,47.2455013,-122.438329
10029,2020,NoGroup,NA,Not recruited,North Carolina,-99,United States,35.7336837,-78.6577146
10030,2020,NoGroup,NA,Not recruited,New Jersey,Morris Plains,United States,40.8221007,-74.4811234
10032,2020,NoGroup,NA,Not recruited,Oregon,Portland,United States,45.5202471,-122.674194
10037,2019,Follower,NotRecruited,Not recruited,Washington,Seattle,United States,47.6038321,-122.330062
10038,2019,Leader,NotRecruited,Not recruited,Minnesota,East Grand Forks,United States,47.9317013,-97.0175792
10039,2019,Follower,NotRecruited,Not recruited,Nevada,Las Vegas,United States,36.1674263,-115.1484131
10040,2019,Leader,NotRecruited,Not recruited,Wisconsin,Plum City,United States,44.6296289,-92.1925779
10041,2020,Associate,NotRecruited,Not recruited,California,San Pedro,United States,33.7358518,-118.2922934
10042,2020,Associate,NotRecruited,Not recruited,Michigan,Detroit,United States,42.3315509,-83.046640300000007
10043,2020,Associate,NotRecruited,Not recruited,Massachusetts,Boston,United States,42.3588336,-71.0578303
10044,2020,Follower,NotRecruited,Not recruited,Texas,Waco,United States,31.5491899,-97.1474628
10045,2020,Follower,Unknown,Unknown,New Jersey,-99,United States,40.3794516,-74.3097047
10046,2020,Follower,Unknown,Unknown,Utah,Millcreek,United States,40.6992918,-111.855583
10047,2020,Follower,Unknown,Unknown,Michigan,Cadilac,United States,NA,NA
10049,2020,Follower,NotRecruited,Not recruited,Oregon,Portland,United States,45.5202471,-122.674194
10050,2020,Follower,NotRecruited,Not recruited,North Carolina,Hampstead,United States,34.3676686,-77.7105332
10051,2020,Follower,NotRecruited,Not recruited,Minnesota,New Brighton,United States,45.0628999,-93.2060969
10052,2019,Follower,NotRecruited,Not recruited,Iowa,Cedar Rapids,United States,41.9758872,-91.6704053
10053,2020,Associate,NotRecruited,Not recruited,Wisconsin,Madison,United States,43.07469,-89.3841663
10055,2020,Leader,Unknown,Unknown,Florida,Lehigh Acres,United States,26.6040585,-81.6581333
10057,2020,Follower,Unknown,Unknown,California,Templeton,United States,35.5496939,-120.706004
10058,2020,NoGroup,NotRecruited,Not recruited,Ohio,Homer,United States,40.2526467,-82.5187916
10059,2020,Follower,NotRecruited,Not recruited,Michigan,Madison Heights,United States,42.4858692,-83.1052028
10060,2020,Leader,Unknown,Unknown,Michigan,Wyoming,United States,42.9132581,-85.7057035
10061,2020,Follower,NotRecruited,Not recruited,Michigan,Hartland Township,United States,42.6488887,-83.7391667
10062,2020,Follower,Unknown,Unknown,Michigan,Waterfront,United States,42.3578237,-82.9619203
10063,2020,Follower,Recruited,Group member,Michigan,Lake Orion,United States,42.7844752,-83.2396612
10064,2020,Follower,Unknown,Unknown,Michigan,Canton,United States,42.3076547,-83.4868961
10065,2020,Leader,Unknown,Unknown,Delaware,Bear,United States,39.6292788,-75.6582628
10066,2020,Leader,Unknown,Unknown,Michigan,Milford,United States,42.5917805,-83.6000696
10067,2020,Follower,Unknown,Unknown,Michigan,Belleville,United States,42.2048414,-83.4852106
10068,2020,Follower,NotRecruited,Not recruited,Michigan,Plainwell,United States,42.4426144,-85.6417645
10069,2020,Leader,NotRecruited,Not recruited,Michigan,Shelbyville,United States,42.5941998,-85.6372414
10070,2020,Leader,NotRecruited,Not recruited,Michigan,Munith,United States,42.3905913,-84.2505159
10071,2020,Leader,NotRecruited,Not recruited,Michigan,Munith,United States,42.3905913,-84.2505159
10072,2020,Follower,NotRecruited,Not recruited,Maryland,Dundalk,United States,39.2574114,-76.5236745
10073,2020,NoGroup,NotRecruited,Not recruited,Washington,Miller Creek,United States,NA,NA
10074,2020,Follower,Unknown,Unknown,Wisconsin,Wisconsin Dells,United States,43.6256168,-89.7715646
10075,2020,NoGroup,NA,Not recruited,Florida,Fort Myers,United States,26.640628,-81.8723084
10076,2020,NoGroup,NA,Not recruited,Minnesota,Twin Cities,United States,44.8154095,-93.215171
10077,2020,NoGroup,NotRecruited,Not recruited,Minnesota,Staples,United States,46.3550001,-94.7933333
10078,2020,NoGroup,NA,Not recruited,California,Watsonville,United States,36.9089338,-121.7557942
10079,2020,NoGroup,NA,Not recruited,Maryland,Frederick,United States,39.415779,-77.4127562
10080,2020,NoGroup,NA,Not recruited,Virginia,Norfolk,United States,36.8493695,-76.2899539
10081,2020,NoGroup,NA,Not recruited,California,Los Angeles,United States,34.0536909,-118.242766
10082,2020,Leader,Unknown,Unknown,Virginia,Arlington,United States,38.8903961,-77.0841585
10083,2020,Leader,NotRecruited,Not recruited,Texas,Boerne,United States,29.7946641,-98.7319703
10084,2020,Follower,NotRecruited,Not recruited,Texas,Cost,United States,29.4374607,-97.5288825
10085,2020,Follower,NotRecruited,Not recruited,South Carolina,Elgin,United States,34.1709826,-80.794252
10086,2020,Leader,NotRecruited,Not recruited,Michigan,Bad Axe,United States,43.8020626,-83.0004744
10087,2020,Follower,Unknown,Unknown,Michigan,Taylor,United States,42.240872,-83.2696509
10088,2020,Follower,NotRecruited,Not recruited,Tennessee,Clarksville,United States,36.5277607,-87.3588703
10089,2020,Follower,Unknown,Unknown,New Jersey,Hopatcong,United States,40.9332051,-74.6600975
10090,2020,Follower,NotRecruited,Not recruited,Oregon,Troutdale,United States,45.5392862,-122.3873133
10091,2020,Leader,NotRecruited,Not recruited,Florida,Miami,United States,25.7741566,-80.1935973
10092,2020,Unknown,NA,Not recruited,Idaho,Boise,United States,43.6166163,-116.200886
10093,2020,Leader,NotRecruited,Not recruited,New Jersey,New Providence,United States,40.6984348,-74.4015405
10094,2020,Follower,Recruited,Friend,Idaho,Boise,United States,43.6166163,-116.200886
10095,2020,Follower,Recruited,Friend,North Carolina,Jacksonville,United States,34.7509962,-77.4309829
10096,2020,NoGroup,NA,Not recruited,Washington,Chelan,United States,47.8409698,-120.0164591
10097,2020,Associate,NotRecruited,Not recruited,North Dakota,Dickinson,United States,46.8791756,-102.7896242
10098,2020,NoGroup,NA,Not recruited,Illinois,Antioch,United States,42.4767131,-88.0950691
10099,2020,Follower,NotRecruited,Not recruited,Virginia,Chesapeake,United States,36.7168315,-76.2494453
10100,2020,Follower,NotRecruited,Not recruited,Virginia,Chesapeake,United States,36.7168315,-76.2494453
10101,2021,Associate,NotRecruited,Not recruited,Pennsylvania,Pittsburgh,United States,40.4406968,-80.0025666
10102,2020,Associate,Unknown,Unknown,West Virginia,Ranson,United States,39.2952821,-77.8603829
10103,2020,Follower,Unknown,Unknown,Massachusetts,Boston,United States,42.3588336,-71.0578303
10104,2020,Leader,NotRecruited,Not recruited,Ohio,Cincinnati,United States,39.1012809,-84.5127405
10105,2020,NoGroup,NotRecruited,Not recruited,Washington,Grand Coulee,United States,47.9415408,-119.0033548
10108,2020,Follower,Unknown,Unknown,Washington,Mountlake Terrace,United States,47.7909667,-122.3066395
10109,2020,Follower,Unknown,Unknown,Washington,Tacoma,United States,47.2455013,-122.438329
10110,2020,Associate,Unknown,Unknown,Florida,Port Orange,United States,29.1386874,-80.9968286
10111,2020,NoGroup,NotRecruited,Not recruited,Arkansas,Little Rock,United States,34.7465071,-92.2896267
10112,2020,NoGroup,NotRecruited,Not recruited,Arkansas,Little Rock,United States,34.7465071,-92.2896267
10113,2020,NoGroup,NotRecruited,Not recruited,Arkansas,Little Rock,United States,34.7465071,-92.2896267
10114,2020,NoGroup,NotRecruited,Not recruited,Arkansas,Little Rock,United States,34.7465071,-92.2896267
10115,2020,NoGroup,NotRecruited,Not recruited,Tennessee,Antioch,United States,36.0600602,-86.6722192
10116,2020,NoGroup,NotRecruited,Not recruited,Florida,Bunnell,United States,29.4657731,-81.2576832
10117,2020,NoGroup,NotRecruited,Not recruited,Colorado,Pagosa Springs,United States,37.2695661,-107.010816
10118,2020,NoGroup,NotRecruited,Not recruited,Washington,Port Townsend,United States,48.1179702,-122.769544
10119,2020,NoGroup,NotRecruited,Not recruited,Washington,Bellingham,United States,48.7544012,-122.478836
10126,2021,Follower,NotRecruited,Not recruited,Iowa,Des Moines,United States,41.5868654,-93.6249494
10127,2021,Leader,Unknown,Unknown,Arizona,Phoenix,United States,33.4484367,-112.074141
10128,2021,Follower,Unknown,Unknown,North Carolina,Hayesville,United States,35.0462818,-83.8179427
10129,2021,Associate,Unknown,Unknown,California,Arbuckle,United States,39.017397,-122.0568148
10130,2021,Follower,Unknown,Unknown,New York,New York,United States,40.7127281,-74.0060152
10131,2021,Follower,Unknown,Unknown,Illinois,Quincy,United States,39.9356016,-91.4098727
10132,2021,Follower,Unknown,Unknown,Illinois,Quincy,United States,39.9356016,-91.4098727
10133,2021,Associate,Unknown,Unknown,Wisconsin,Eau Claire,United States,44.811349,-91.4984941
10134,2021,Follower,Unknown,Unknown,New York,Brooklyn,United States,40.6526006,-73.9497211
10135,2021,Follower,Unknown,Unknown,Montana,Dillon,United States,45.2141249,-112.6346079
10136,2021,Associate,Unknown,Unknown,Ohio,Willoughby,United States,41.6397696,-81.4065011
10137,2021,Associate,Unknown,Unknown,New Jersey,Haddonfield,United States,39.8915022,-75.0376707
10138,2021,Follower,Unknown,Unknown,California,Beaumont,United States,33.9299925,-116.9763092
10139,2021,Follower,Unknown,Unknown,Virginia,Hudgins,United States,37.4714126,-76.3263424
10140,2021,Follower,Unknown,Unknown,Pennsylvania,Bridgeville,United States,40.3561805,-80.1100556
10141,2021,Associate,Unknown,Unknown,Massachusetts,North Adams,United States,42.6990349,-73.1118997
10142,2021,Associate,Unknown,Unknown,Illinois,Marselies,United States,NA,NA
10143,2021,Follower,Unknown,Unknown,Pennsylvania,Sharon,United States,41.232947,-80.5078056
10144,2021,Follower,Unknown,Unknown,Pennsylvania,Lancaster,United States,40.0379958,-76.3056707
10145,2021,Follower,NotRecruited,Not recruited,Tennessee,Memphis,United States,35.1460249,-90.0517638
10146,2021,Follower,NotRecruited,Not recruited,California,Ventura,United States,34.2783355,-119.293174
10147,2021,Follower,NotRecruited,Not recruited,Oregon,Beavercreek,United States,45.2878369,-122.53571
10148,2021,Follower,NotRecruited,Not recruited,California,Cathedral City,United States,33.7810031,-116.464076
10149,2021,Follower,Unknown,Unknown,West Virginia,South Charleston,United States,38.368429,-81.69957
10150,2021,Associate,NotRecruited,Not recruited,California,San Diego,United States,32.7174202,-117.162772
10151,2020,Follower,NotRecruited,Not recruited,Arizona,Scottsdale,United States,33.4942189,-111.926018
10152,2021,Follower,Unknown,Unknown,Florida,Boca Raton,United States,26.3586885,-80.0830984
10153,2021,Follower,NotRecruited,Not recruited,New Jersey,Stockholm,United States,41.0899041,-74.5201461
10154,2021,Associate,NotRecruited,Not recruited,Tennessee,Cleveland,United States,35.1595182,-84.8766115
10155,2021,Follower,NotRecruited,Not recruited,California,Riverside,United States,33.9824949,-117.374238
10156,2021,Follower,Unknown,Unknown,Indiana,Bloomfield,United States,39.02631,-86.9379018
10157,2021,Follower,Unknown,Unknown,Indiana,Bloomfield,United States,39.02631,-86.9379018
10158,2021,Follower,Recruited,Unknown,Texas,Dallas,United States,32.7762719,-96.7968559
10159,2020,Follower,Unknown,Unknown,Utah,Morgan,United States,41.0360275,-111.6771144
10160,2021,Follower,Unknown,Unknown,New Jersey,Swedesboro,United States,39.7476136,-75.3104654
10161,2020,Follower,NotRecruited,Not recruited,Idaho,Boise,United States,43.6166163,-116.200886
10164,2021,Follower,Unknown,Unknown,Alaska,Wasilla,United States,61.582421600000004,-149.442563
10165,2021,Leader,Unknown,Unknown,North Carolina,Kernersville,United States,36.1198589,-80.0736533
10166,2021,Follower,Unknown,Unknown,Wisconsin,Nashotah,United States,43.0979818,-88.4026935
10167,2021,Follower,Unknown,Unknown,Texas,San Antonio,United States,29.4246002,-98.4951405
10168,2021,Follower,Unknown,Unknown,Texas,Maxwell,United States,29.881897,-97.7956423
10169,2021,Follower,Unknown,Unknown,Georgia,Kennesaw,United States,34.0234337,-84.6154897
10170,2020,Leader,NotRecruited,Not recruited,California,San Clemente,United States,33.4270275,-117.6124179
10171,2021,Follower,Unknown,Unknown,California,Reseda,United States,34.200768,-118.5356869
10172,2021,Associate,Unknown,Unknown,Arkansas,Gravette,United States,36.4208054,-94.4526535
10173,2020,Follower,Unknown,Unknown,Utah,Millcreek,United States,40.6992918,-111.855583
10174,2021,Associate,Unknown,Unknown,South Carolina,Little River,United States,33.8727006,-78.6232583
10175,2021,Follower,Unknown,Unknown,Florida,Ocala,United States,29.1871986,-82.1400923
10176,2021,Follower,Unknown,Unknown,Iowa,Stuart,United States,41.5033213,-94.3185737
10181,2021,Leader,NotRecruited,Not recruited,Florida,Ormond Beach,United States,29.2854132,-81.0557921
10182,2021,NoGroup,NotRecruited,Not recruited,South Carolina,Fort Mill,United States,35.0073697,-80.9450759
10183,2021,NoGroup,NotRecruited,Not recruited,South Carolina,Rock Hill,United States,34.9248667,-81.0250784
10184,2021,Associate,Unknown,Unknown,Texas,Grapevine,United States,32.9337381,-97.0788754
10185,2021,Associate,Unknown,Unknown,North Carolina,Sanford,United States,35.4798757,-79.1802994
10187,2021,NoGroup,NotRecruited,Not recruited,Texas,The Colony,United States,33.0890094,-96.8863922
10188,2021,Leader,Unknown,Unknown,Virginia,Berryville,United States,39.1517548,-77.982525
10192,2021,Follower,NotRecruited,Not recruited,Alabama,Falkville,United States,34.3684295,-86.908616
10194,2021,Leader,Unknown,Unknown,Kansas,Olathe,United States,38.8838856,-94.81887
10195,2021,Follower,Recruited,Friend,Ohio,Woodstock,United States,40.1739475,-83.5274254
10199,2021,Associate,Unknown,Unknown,Florida,Miami,United States,25.7741566,-80.1935973
10201,2021,Follower,Unknown,Unknown,New York,Syracuse,United States,43.0481221,-76.1474244
10203,2021,Follower,NotRecruited,Not recruited,New Jersey,Colts Neck,United States,40.2876108,-74.1723652
10206,2021,Leader,Unknown,Unknown,Florida,Titusville,United States,28.6126236,-80.8079545
10207,2021,Leader,Unknown,Unknown,Alabama,Arab,United States,34.3181497,-86.4958219
10209,2021,Follower,Unknown,Unknown,Kansas,Olathe,United States,38.8838856,-94.81887
10216,2021,Leader,NotRecruited,Not recruited,Hawaii,Waikiki,United States,21.2793568,-157.8285713
10217,2021,Follower,Unknown,Unknown,New York,Rochester,United States,43.157285,-77.615214
10218,2021,Leader,Unknown,Unknown,Pennsylvania,Port Richmond,United States,39.9863549,-75.1009166
10222,2021,Follower,NotRecruited,Not recruited,Massachusetts,Pittsfield,United States,42.4484778,-73.2541069
10223,2021,Follower,NotRecruited,Not recruited,Massachusetts,Malden,United States,42.4268484,-71.0683741
10225,2021,Follower,NotRecruited,Not recruited,Pennsylvania,Mechanicsburg,United States,40.2101972,-77.0047276
10228,2021,Follower,NotRecruited,Not recruited,North Carolina,Concord,United States,35.4094178,-80.5800049
10229,2021,Leader,NotRecruited,Not recruited,Ohio,Woodstock,United States,40.1739475,-83.5274254
10231,2021,Follower,Unknown,Unknown,Florida,Englewood,United States,26.9620053,-82.3525952
10234,2021,Follower,NotRecruited,Not recruited,Georgia,Fort Stewart,United States,31.8694349,-81.6077657
10235,2020,Associate,NotRecruited,Not recruited,Hawaii,Honolulu,United States,21.304547,-157.855676
10238,2019,Follower,Recruited,Friend,California,Los Angeles,United States,34.0536909,-118.242766
10239,2020,Unknown,Unknown,Not recruited,Georgia,-99,United States,NA,NA
10240,2020,Follower,Unknown,Unknown,North Carolina,Southern Pines,United States,35.1740471,-79.3922539
10241,2020,Unknown,NotRecruited,Not recruited,Iowa,St. Charles,United States,41.288366,-93.8072107
10242,2021,NoGroup,NotRecruited,Not recruited,Louisiana,Baton Rouge,United States,30.4494155,-91.1869659
10243,2020,Follower,NotRecruited,Not recruited,Oklahoma,McCloud,United States,NA,NA
10244,2019,NoGroup,NotRecruited,Not recruited,North Carolina,Camp Lejeune,United States,34.6397339,-77.3418348
10245,2021,Leader,NotRecruited,Not recruited,Florida,Tallahassee,United States,30.4380832,-84.2809332
10246,2021,Follower,Unknown,Unknown,Arizona,Laveen,United States,33.3618814,-112.1533861
10247,2021,Leader,NotRecruited,Not recruited,Washington,Auburn,United States,47.3075369,-122.2301808
10250,2021,Follower,Recruited,Unknown,Florida,Wellington,United States,26.6549551,-80.2375279
10251,2020,Follower,NotRecruited,Not recruited,California,San Marino,United States,34.1215947,-118.105739
10252,2021,Follower,NotRecruited,Not recruited,New Hampshire,Webster,United States,43.3292843,-71.7167362
10253,2021,Follower,Unknown,Unknown,Nebraska,Omaha,United States,41.2587459,-95.9383758
10254,2020,Leader,NotRecruited,Not recruited,California,Turlock,United States,37.4946568,-120.8465941
10257,2021,Follower,Unknown,Unknown,Florida,Naples,United States,26.1421976,-81.7942944
10259,2021,Follower,Unknown,Unknown,Texas,Alpine,United States,30.3602181,-103.6628596
10269,2019,NoGroup,NotRecruited,Not recruited,Michigan,Reed City,United States,43.875017,-85.51005
10271,2020,Follower,Unknown,Unknown,Georgia,Montrose,United States,32.5604776,-83.1533328
10273,2021,NoGroup,NotRecruited,Not recruited,Ohio,Youngstown,United States,41.1035786,-80.6520161
10274,2020,NoGroup,NotRecruited,Not recruited,Missouri,St. Robert,United States,37.8140737,-92.1375079
10275,2021,Follower,Unknown,Unknown,Florida,Ocala,United States,29.1871986,-82.1400923
10276,2021,Follower,Unknown,Unknown,Florida,Ocala,United States,29.1871986,-82.1400923
10277,2021,Follower,NotRecruited,Not recruited,Pennsylvania,New Brighton,United States,40.7303534,-80.3100513
10278,2021,Follower,NotRecruited,Not recruited,Ohio,Huber Heights,United States,39.8590241,-84.1112699
10279,2021,Follower,Unknown,Unknown,Michigan,St. Clair Shores,United States,42.4969652,-82.8890965
10280,2021,Follower,Unknown,Unknown,Alabama,Mobile,United States,30.6913462,-88.0437509
10281,2021,Follower,Unknown,Unknown,California,Redding,United States,40.5863563,-122.391675
10282,2020,NoGroup,NotRecruited,Not recruited,Texas,Killeen,United States,31.1171441,-97.727796
10283,2021,Leader,NotRecruited,Not recruited,Rhode Island,Providence,United States,41.8239891,-71.4128343
10285,2021,Follower,NotRecruited,Not recruited,Virginia,Alexandria,United States,38.8051095,-77.0470229
10286,2021,Follower,NotRecruited,Not recruited,California,Vallejo,United States,38.1040864,-122.2566367
10287,2021,NoGroup,NotRecruited,Not recruited,New Hampshire,Amherst,United States,42.8642874,-71.6252484
10288,2021,Follower,NotRecruited,Not recruited,Florida,Melbourne,United States,28.0785034,-80.6077908
10289,2021,Associate,NotRecruited,Not recruited,Texas,Borger,United States,35.6689767,-101.3919481
10290,2021,Associate,NotRecruited,Not recruited,Texas,Borger,United States,35.6689767,-101.3919481
10291,2021,Associate,NotRecruited,Not recruited,Texas,Borger,United States,35.6689767,-101.3919481
10292,2021,Associate,NotRecruited,Not recruited,Texas,Borger,United States,35.6689767,-101.3919481
10293,2021,Associate,NotRecruited,Not recruited,Texas,Borger,United States,35.6689767,-101.3919481
10302,2020,Associate,NotRecruited,Not recruited,Texas,Bartonville,United States,33.0731775,-97.1316788
10303,2021,Follower,NotRecruited,Not recruited,Ohio,Hillsboro,United States,39.2022866,-83.611587
10304,2020,Follower,NotRecruited,Not recruited,New Jersey,Manalapan,United States,40.2852895,-74.333495
10309,2021,Follower,Unknown,Unknown,Florida,Clearwater,United States,27.9658533,-82.8001026
10310,2021,Associate,NotRecruited,Not recruited,New York,New York,United States,40.7127281,-74.0060152
10312,2021,Follower,Unknown,Unknown,Virginia,King George,United States,38.2663841,-77.1805099
10314,2020,Associate,Unknown,Unknown,Virginia,Quantico,United States,38.5218802,-77.2911023
10315,2021,Associate,NotRecruited,Not recruited,Texas,Burleson,United States,32.5420821,-97.3208492
10318,2021,Follower,NotRecruited,Not recruited,California,Carlsbad,United States,33.1580933,-117.3505966
10319,2020,Follower,NotRecruited,Not recruited,California,Irvine,United States,33.6856969,-117.825981
10324,2020,Leader,NotRecruited,Not recruited,Virginia,South Boston,United States,36.6987494,-78.9013987
10325,2021,Follower,NotRecruited,Not recruited,Ohio,East Liverpool,United States,40.6186756,-80.5772928
10326,2021,Associate,Unknown,Unknown,Ohio,Piqua,United States,40.1447732,-84.2424449
10327,2021,Associate,Unknown,Unknown,Tennessee,Gallatin,United States,36.3883031,-86.4475898
10328,2021,Associate,Unknown,Unknown,California,Mill Valley,United States,37.9060368,-122.5449763
10329,2021,Follower,NotRecruited,Not recruited,California,Santa Barbara,United States,34.4221319,-119.702667
10330,2021,Follower,Unknown,Unknown,Kansas,Gardner,United States,38.8109254,-94.9272958
10331,2021,Follower,Unknown,Unknown,Missouri,Blue Springs,United States,39.017316,-94.282265
10332,2021,Associate,Unknown,Unknown,Arizona,Tucson,United States,32.2228765,-110.974847
10333,2021,Follower,NotRecruited,Not recruited,Arizona,Marana,United States,32.4483736,-111.211475
10334,2021,Associate,NotRecruited,Not recruited,Maryland,Columbia,United States,39.2156213,-76.8582049
10335,2021,Follower,NotRecruited,Not recruited,Maryland,Silver Spring,United States,38.9959461,-77.0276231
10336,2021,Follower,Unknown,Unknown,Florida,Largo,United States,27.9094665,-82.7873244
10337,2021,Leader,Unknown,Unknown,Florida,Orlando,United States,28.5421218,-81.379045
10338,2021,Follower,Unknown,Unknown,Florida,Apopka,United States,28.6732806,-81.5116471
10339,2021,Leader,Unknown,Unknown,Florida,Apopka,United States,28.6732806,-81.5116471
10340,2021,Follower,Unknown,Unknown,California,San Francisco,United States,37.7879363,-122.4075201
10341,2021,Follower,Unknown,Unknown,Oregon,Sherwood,United States,45.3569315,-122.8403744
10342,2021,Follower,Unknown,Unknown,Oregon,Sherwood,United States,45.3569315,-122.8403744
10343,2021,Follower,Unknown,Unknown,Florida,Fort Walton Beach,United States,30.4057552,-86.618842
10344,2021,Leader,Unknown,Unknown,New York,Beacon,United States,41.5048402,-73.9695409
10345,2021,Leader,Unknown,Unknown,New Jersey,Rockaway,United States,40.9013539,-74.5138157
10346,2021,Follower,Recruited,Group member,District of Columbia,Washington,United States,38.8950982,-77.0363849
10347,2021,Follower,Unknown,Unknown,Florida,Bradenton,United States,27.4989278,-82.5748194
10348,2021,Follower,NotRecruited,Not recruited,California,Oakhurst,United States,37.3311313,-119.6558221
10349,2020,Follower,Unknown,Unknown,California,Castro Valley,United States,37.6945519,-122.0857432
10350,2020,Follower,Unknown,Unknown,California,Los Gatos,United States,37.226611,-121.9746797
10351,2020,Follower,Unknown,Unknown,California,San Lorenzo,United States,37.6810422,-122.1244088
10353,2020,Follower,Unknown,Unknown,South Carolina,Columbia,United States,34.000754,-81.0352313
10354,2021,Follower,NotRecruited,Not recruited,Minnesota,Saint Cloud,United States,45.5616075,-94.1642004
10355,2020,Follower,Unknown,Unknown,Maryland,Potomac,United States,39.017936,-77.2094542
10357,2021,Leader,Unknown,Unknown,Kentucky,Louisville,United States,38.2542376,-85.759407
10358,2021,Follower,Unknown,Unknown,Kentucky,Louisville,United States,38.2542376,-85.759407
10359,2020,Leader,NotRecruited,Not recruited,Texas,Lancaster,United States,32.5920798,-96.7561083
10360,2020,Associate,NotRecruited,Not recruited,Iowa,Cedar Rapids,United States,41.9758872,-91.6704053
10361,2021,Follower,Unknown,Unknown,Florida,Fort Lauderdale,United States,26.1223084,-80.1433786
10362,2021,Follower,Unknown,Unknown,Pennsylvania,Philadelphia,United States,39.9527237,-75.1635262
10363,2021,Follower,NotRecruited,Not recruited,South Carolina,Gilbert,United States,33.9243121,-81.3937132
10364,2021,Associate,NotRecruited,Not recruited,California,Orange,United States,33.7872568,-117.850308
10366,2021,Follower,Unknown,Unknown,California,Van Nuys,United States,34.1866193,-118.4486675
10367,2021,Associate,Unknown,Unknown,Delaware,Clayton,United States,39.2841965,-75.6321832
10369,2020,Leader,Unknown,Unknown,Ohio,Cleveland,United States,41.4996574,-81.6936772
10371,2020,Follower,Unknown,Unknown,New Mexico,Albuquerque,United States,35.0841034,-106.650985
10372,2021,Follower,NotRecruited,Not recruited,California,Lake Elsinore,United States,33.6680772,-117.3272615
10373,2021,Follower,NotRecruited,Not recruited,California,Menifee,United States,33.6863987,-117.1778599
10374,2021,Follower,NotRecruited,Not recruited,California,Lake Elsinore,United States,33.6680772,-117.3272615
10375,2021,Follower,NotRecruited,Not recruited,Texas,Wylie,United States,33.0151561,-96.5388038
10376,2021,Follower,Unknown,Unknown,California,Napa,United States,38.2971367,-122.2855293
10380,2021,Follower,Unknown,Unknown,New Mexico,Las Cruces,United States,32.3140354,-106.779807
10382,2021,Follower,Unknown,Unknown,New Jersey,Fairfield,United States,40.8837238,-74.3068718
10383,2021,Follower,NotRecruited,Not recruited,Colorado,Woodland Park,United States,38.9938016,-105.057045
10384,2021,Associate,Unknown,Unknown,Tennessee,Unionville,United States,35.6217359,-86.5924951
10385,2021,Follower,NotRecruited,Not recruited,California,Temecula,United States,33.4946353,-117.147366
10386,2021,Leader,Unknown,Unknown,California,Ladera Ranch,United States,33.5520801,-117.6384556
10387,2020,Follower,Unknown,Unknown,Texas,Tyler,United States,32.3512601,-95.3010624
10390,2021,Associate,Unknown,Unknown,Florida,Tampa,United States,27.9449854,-82.4583107
10391,2021,Leader,Unknown,Unknown,New Jersey,Little Ferry,United States,40.8528777,-74.0420848
10392,2021,Leader,Unknown,Unknown,Florida,Sarasota,United States,27.3365805,-82.5308545
10393,2021,Follower,Unknown,Unknown,Florida,Kissimmee,United States,28.2918995,-81.4075838
10394,2021,Follower,Unknown,Unknown,Florida,Dunnellon,United States,29.0491426,-82.4609331
10395,2021,Leader,Unknown,Unknown,Florida,Dunnellon,United States,29.0491426,-82.4609331
10396,2021,Follower,Unknown,Unknown,New York,Newburgh,United States,41.5000767,-74.0098299
10397,2021,Follower,Unknown,Unknown,Florida,Punta Gorda,United States,26.9351529,-82.0512058
10398,2021,Follower,NotRecruited,Not recruited,Ohio,Morrow,United States,39.3545046,-84.1271568
10399,2021,Follower,Recruited,Group member,Ohio,Morrow,United States,39.3545046,-84.1271568
10400,2021,Follower,NotRecruited,Not recruited,Indiana,Columbus,United States,39.2014405,-85.9213796
10401,2021,Associate,Recruited,Family,North Carolina,Thomasville,United States,35.8831786,-80.081817
10402,2021,Follower,Unknown,Unknown,Georgia,Guyton,United States,32.3363045,-81.3914992
10403,2021,Follower,NotRecruited,Not recruited,Alabama,Birmingham,United States,33.5206824,-86.8024326
10406,2021,Associate,Unknown,Unknown,Pennsylvania,Schnecksville,United States,40.6678735,-75.6071311
10407,2021,Associate,Unknown,Unknown,California,Auburn,United States,38.8945939,-121.0739897
10409,2021,Associate,Unknown,Unknown,California,Oceanside,United States,33.1958696,-117.379483
10410,2020,Follower,Unknown,Unknown,Virginia,Raven,United States,37.0870572,-81.8551195
10414,2020,Follower,NotRecruited,Not recruited,Missouri,Hartville,United States,37.2484242,-92.5126763
10415,2020,Follower,NotRecruited,Not recruited,Missouri,Hartville,United States,37.2484242,-92.5126763
10416,2020,Follower,Unknown,Unknown,New York,Manhattan,United States,40.7579554,-73.9855319
10417,2020,NoGroup,NA,Not recruited,Missouri,Cape Girardeau,United States,37.304731,-89.5176418
10420,2020,Follower,Unknown,Unknown,Virginia,Harrisonburg,United States,38.4493315,-78.8688833
10422,2019,Leader,NotRecruited,Not recruited,Oregon,Eugene,United States,44.0505054,-123.0950506
10423,2020,NoGroup,NotRecruited,Not recruited,Alabama,Addison,United States,34.2023243,-87.1814012
10427,2020,Associate,NotRecruited,Not recruited,Illinois,Chicago,United States,41.8755616,-87.6244212
10428,2019,Follower,NotRecruited,Not recruited,Tennessee,Sparta,United States,35.9258921,-85.4641342
10429,2020,Associate,NotRecruited,Not recruited,Pennsylvania,Collegeville,United States,40.1854712,-75.4512163
10430,2020,Associate,NotRecruited,Not recruited,Pennsylvania,Collegeville,United States,40.1854712,-75.4512163
10431,2018,Follower,NotRecruited,Not recruited,Florida,Punta Gorda,United States,26.9351529,-82.0512058
10433,2021,Associate,Unknown,Unknown,Illinois,Posen,United States,41.6317008,-87.681437
10434,2021,Follower,Unknown,Unknown,Florida,St. Augustine,United States,29.8946952,-81.3145395
10435,2021,Follower,Unknown,Unknown,Texas,Midland,United States,31.9973662,-102.077948
10436,2021,Associate,Unknown,Unknown,New York,Brooklyn,United States,40.6526006,-73.9497211
10437,2021,Associate,NotRecruited,Not recruited,Washington,Battle Ground,United States,45.7813532,-122.5337433
10438,2021,Associate,NotRecruited,Not recruited,Washington,Battle Ground,United States,45.7813532,-122.5337433
10440,2021,Associate,Unknown,Unknown,Washington,Kingston,United States,41.4801166,-71.5227103
10441,2021,Follower,Unknown,Unknown,Florida,Tampa,United States,27.9449854,-82.4583107
10442,2019,Follower,NotRecruited,Not recruited,New York,New York,United States,40.7127281,-74.0060152
10445,2019,Follower,NotRecruited,Not recruited,Texas,Plano,United States,33.0136764,-96.6925096
10446,2019,Follower,Unknown,Unknown,Texas,Plano,United States,33.0136764,-96.6925096
10449,2015,Associate,NotRecruited,Not recruited,North Carolina,Raleigh,United States,35.7803977,-78.6390989
10451,2021,NoGroup,NotRecruited,Not recruited,Texas,Aubrey,United States,33.3142085,-96.9756323
10452,2020,NoGroup,NotRecruited,Not recruited,Florida,Pahokee,United States,26.8200607,-80.6653351
10461,2020,NoGroup,NA,Not recruited,North Carolina,Raleigh,United States,35.7803977,-78.6390989
10463,2019,NoGroup,NotRecruited,Not recruited,Florida,Holiday,United States,28.1879273,-82.740074
10465,2019,NoGroup,NotRecruited,Not recruited,New Mexico,Albuquerque,United States,35.0841034,-106.650985
10466,2021,Associate,NotRecruited,Not recruited,Ohio,Swanton,United States,41.5906822,-83.8931809
10468,2021,Follower,NotRecruited,Not recruited,Tennessee,Smyrna,United States,35.9824598,-86.5199492
10474,2020,Follower,Unknown,Unknown,Texas,San Antonio,United States,29.4246002,-98.4951405
10477,2021,Follower,Unknown,Unknown,Florida,Largo,United States,27.9094665,-82.7873244
10480,2021,Leader,NotRecruited,Not recruited,Texas,Mansfield,United States,32.563487,-97.1420308
10481,2021,Associate,NotRecruited,Not recruited,Texas,Houston,United States,29.7589382,-95.3676974
10482,2021,Follower,Unknown,Unknown,Illinois,Naperville,United States,41.7728699,-88.1479278
10483,2021,Follower,Unknown,Unknown,Florida,Chuluota,United States,28.6383385,-81.1153521
10484,2021,Follower,Unknown,Unknown,Missouri,Saint Charles,United States,38.783855,-90.481677
10485,2021,Follower,Unknown,Unknown,Missouri,Sikeston,United States,36.876719,-89.5878579
10486,2021,Follower,NotRecruited,Not recruited,Virginia,Covington,United States,37.7934528,-79.9939484
10487,2021,Follower,Unknown,Unknown,Florida,Hialeah,United States,25.8267775,-80.2814009
10488,2021,Associate,NotRecruited,Not recruited,Arizona,Scottsdale,United States,33.4942189,-111.926018
10489,2021,Follower,Unknown,Unknown,Georgia,Gainesville,United States,34.2978794,-83.8240663
10490,2021,Follower,Unknown,Unknown,South Dakota,Rapid City,United States,44.0806041,-103.228023
10491,2021,Follower,Unknown,Unknown,Pennsylvania,Philadelphia,United States,39.9527237,-75.1635262
10492,2021,Follower,Unknown,Unknown,Pennsylvania,Upper Darby,United States,39.9284459,-75.2737955
10493,2021,Follower,Unknown,Unknown,Pennsylvania,Philadelphia,United States,39.9527237,-75.1635262
10494,2021,Follower,Unknown,Unknown,Illinois,Aurora,United States,41.7571701,-88.3147539
10495,2019,Follower,Unknown,Unknown,New York,East Greenbush,United States,42.5909135,-73.7017858
10496,2021,Follower,NotRecruited,Not recruited,Indiana,Shelbyville,United States,39.5214373,-85.7769238
10497,2021,Follower,Unknown,Unknown,Kentucky,Bowling Green,United States,36.9929203,-86.4428677
10500,2021,Follower,Unknown,Unknown,Arizona,Phoenix,United States,33.4484367,-112.074141
10505,2021,Follower,NotRecruited,Not recruited,New Hampshire,Hudson,United States,42.7655784,-71.4393423
10506,2021,Associate,Unknown,Unknown,Pennsylvania,Old Forge,United States,41.3711906,-75.7349144
10507,2021,Associate,Unknown,Unknown,Alabama,Hokes Bluff,United States,33.9981546,-85.8663574
10508,2021,Follower,NotRecruited,Not recruited,New York,New York,United States,40.7127281,-74.0060152
10509,2021,Associate,Unknown,Unknown,California,Fontana,United States,34.0922947,-117.43433
10510,2020,Follower,Unknown,Unknown,Pennsylvania,Baldwin,United States,40.3381252,-79.9789405
10511,2021,Follower,Unknown,Unknown,Oklahoma,Oklahoma City,United States,35.4729886,-97.5170536
10512,2021,Follower,Unknown,Unknown,Oklahoma,Muskogee,United States,35.7478769,-95.3696909
10513,2021,Follower,Unknown,Unknown,Pennsylvania,Kane,United States,41.6628394,-78.8111427
10514,2021,Follower,Unknown,Unknown,North Carolina,Pilot Mountain,United States,36.3851349,-80.4671211
10515,2021,Follower,Unknown,Unknown,North Carolina,Pilot Mountain,United States,36.3851349,-80.4671211
10516,2021,Follower,Unknown,Unknown,Nevada,Las Vegas,United States,36.1674263,-115.1484131
10517,2021,Follower,Unknown,Unknown,Nevada,Las Vegas,United States,36.1674263,-115.1484131
10518,2021,Follower,NotRecruited,Not recruited,Georgia,Americus,United States,32.0723862,-84.2326876
10519,2021,Follower,Unknown,Unknown,Georgia,Decatur,United States,33.7737582,-84.296069
10520,2021,Follower,NotRecruited,Not recruited,California,Merced,United States,37.3029568,-120.4843269
10522,2021,Follower,Unknown,Unknown,Florida,Sanford,United States,28.8117345,-81.2680223
10523,2021,Follower,Unknown,Unknown,New York,Amherst,United States,42.9783924,-78.7997616
10524,2021,Follower,Unknown,Unknown,Tennessee,Crossville,United States,35.949684,-85.0274835
10526,2021,Associate,Unknown,Unknown,Minnesota,Owatonna,United States,44.0839937,-93.2261076
10528,2021,Leader,Unknown,Unknown,Texas,Hurst,United States,32.8234621,-97.1705678
10529,2021,NoGroup,NotRecruited,Not recruited,Maine,Lebanon,United States,43.4146088,-70.917875
10530,2021,NoGroup,NotRecruited,Not recruited,Arizona,Queen Creek,United States,33.2483858,-111.634158
10531,2021,Follower,Unknown,Unknown,Georgia,Mableton,United States,33.8188333,-84.5822632
10532,2021,Leader,NotRecruited,Unknown,California,Los Angeles,United States,34.0536909,-118.242766
10533,2021,NoGroup,NotRecruited,Not recruited,Pennsylvania,Harrisburg,United States,40.2663107,-76.8861122
10534,2021,Follower,NotRecruited,Not recruited,Michigan,Elwell,United States,43.3875317,-84.7458424
10537,2021,Follower,NotRecruited,Not recruited,New Jersey,Blackwood,United States,39.8021322,-75.0668759
10538,2021,Follower,Unknown,Unknown,Maryland,Cooksville,United States,39.3201044,-77.0205346
10541,2019,NoGroup,NotRecruited,Not recruited,Illinois,Rochester,United States,39.7494943,-89.5317603
10546,2021,Follower,Unknown,Unknown,Florida,Orlando,United States,28.5421218,-81.379045
10547,2021,Follower,NotRecruited,Not recruited,Pennsylvania,Swoyersville,United States,41.2917475,-75.8746407
10549,2021,Follower,NotRecruited,Not recruited,Virginia,Chesapeake,United States,36.7168315,-76.2494453
10550,2021,Follower,Unknown,Unknown,California,Santa Ana,United States,33.7494951,-117.873221
10553,2021,Leader,Unknown,Unknown,West Virginia,Martinsburg,United States,39.4562528,-77.9639604
10554,2021,Follower,Unknown,Unknown,Texas,Austin,United States,30.2711286,-97.7436995
10555,2021,Follower,Unknown,Unknown,Virginia,Lanexa,United States,37.4237573,-76.9010753
10563,2020,Follower,Unknown,Unknown,New York,Poestenkill,United States,42.6903566,-73.5645597
10565,2019,Follower,NotRecruited,Not recruited,Florida,Fort Lauderdale,United States,26.1223084,-80.1433786
10566,2019,Follower,NotRecruited,Not recruited,Florida,Fort Lauderdale,United States,26.1223084,-80.1433786
10572,2019,Follower,NotRecruited,Not recruited,California,Anderson,United States,40.4479345,-122.2982544
10573,2019,Follower,Unknown,Unknown,Oregon,Portland,United States,45.5202471,-122.674194
10574,2019,Follower,Unknown,Unknown,Oregon,Beaverton,United States,45.4871723,-122.80378
10575,2019,Follower,Unknown,Unknown,Oregon,Portland,United States,45.5202471,-122.674194
10576,2019,Follower,Unknown,Unknown,Washington,Vancouver,United States,45.6306954,-122.6744557
10577,2020,Follower,Unknown,Unknown,Arizona,Scottsdale,United States,33.4942189,-111.926018
10578,2020,Follower,Unknown,Unknown,Arizona,Prescott Valley,United States,34.5950776,-112.3338634
10581,2021,NoGroup,NA,Not recruited,California,Irvine,United States,33.6856969,-117.825981
10583,2020,Follower,Unknown,Unknown,Kentucky,Louisville,United States,38.2542376,-85.759407
10584,2020,Follower,Unknown,Unknown,Texas,Elmendorf,United States,29.2560731,-98.3327903
10585,2020,Associate,Unknown,Unknown,New York,Averill Park,United States,42.6343578,-73.5537673
10586,2020,Associate,Unknown,Unknown,New York,Averill Park,United States,42.6343578,-73.5537673
10588,2020,Associate,Unknown,Unknown,Kentucky,Grayson,United States,38.3325812,-82.9485023
10591,2021,Follower,Unknown,Unknown,Oklahoma,Bethel Acres,United States,35.308681,-97.0255798
10592,2020,Follower,Unknown,Unknown,Michigan,Ypsilanti,United States,42.241051,-83.6117646
10593,2020,Follower,Unknown,Unknown,California,Los Angeles,United States,34.0536909,-118.242766
10599,2021,Follower,Unknown,Unknown,Michigan,Clarkston,United States,42.735863,-83.4188304
10603,2020,Leader,Unknown,Unknown,New Mexico,Albuquerque,United States,35.0841034,-106.650985
10605,2021,Follower,Unknown,Unknown,Virginia,Ashburn,United States,39.0437192,-77.4874899
10612,2021,Follower,NotRecruited,Not recruited,Maryland,Oakland,United States,39.4099097,-79.4062658
10613,2021,Follower,NotRecruited,Not recruited,Tennessee,Nashville,United States,36.1622767,-86.7742984
10614,2021,Follower,NotRecruited,Not recruited,New York,Homer,United States,42.6370141,-76.1788174
10615,2021,Follower,NotRecruited,Not recruited,Montana,East Helena,United States,46.5895782,-111.914593
10616,2021,Follower,NotRecruited,Not recruited,Montana,East Helena,United States,46.5895782,-111.914593
10618,2021,Follower,Unknown,Unknown,Florida,Plantation,United States,26.1275862,-80.2331036
10619,2021,Follower,Unknown,Unknown,New Jersey,Marlton,United States,39.9416808,-75.0939834
10620,2020,Associate,NotRecruited,Not recruited,Tennessee,-99,United States,NA,NA
10622,2021,Follower,Unknown,Unknown,Maine,Greenbush,United States,45.0803409,-68.6508636
10623,2021,Follower,Unknown,Unknown,Arizona,Phoenix,United States,33.4484367,-112.074141
10624,2020,Leader,NotRecruited,Not recruited,Maryland,Hagerstown,United States,39.6430455,-77.7191081
10626,2020,Associate,Unknown,Unknown,West Virginia,Nitro,United States,38.4220757,-81.8405972
10628,2021,NoGroup,NotRecruited,Not recruited,Indiana,Marion,United States,40.5583739,-85.6591442
10630,2020,Follower,NotRecruited,Not recruited,Texas,Richmond,United States,29.5821811,-95.7607832
10631,2020,Follower,Unknown,Unknown,New Jersey,Paramus,United States,40.9452911,-74.0735899
10632,2020,Follower,Unknown,Unknown,Nevada,Las Vegas,United States,36.1674263,-115.1484131
10646,2020,NoGroup,NotRecruited,Not recruited,Washington,Seattle,United States,47.6038321,-122.330062
10647,2020,Follower,Unknown,Unknown,-99,-99,United States,NA,NA
10648,2020,NoGroup,NotRecruited,Not recruited,Michigan,Clinton Township,United States,42.5869782,-82.9200047
10649,2020,NoGroup,NotRecruited,Not recruited,Kentucky,Louisville,United States,38.2542376,-85.759407
10650,2020,Follower,Unknown,Unknown,Maryland,-99,United States,NA,NA
10651,2020,NoGroup,NotRecruited,Not recruited,Massachusetts,Dorchester,United States,42.2973205,-71.0744952
10652,2020,NoGroup,NotRecruited,Not recruited,Oregon,Portland,United States,45.5202471,-122.674194
10653,2020,NoGroup,NotRecruited,Not recruited,Tennessee,Heiskell,United States,36.081816,-84.0539821
10654,2020,NoGroup,NotRecruited,Not recruited,North Carolina,Catawba,United States,35.7073558,-81.0756345
10655,2020,NoGroup,NotRecruited,Not recruited,Oregon,Portland,United States,45.5202471,-122.674194
10657,2020,NoGroup,NotRecruited,Not recruited,Tennessee,Nashville,United States,36.1622767,-86.7742984
10658,2020,NoGroup,NA,Not recruited,New York,Saugerties,United States,42.0775906,-73.9529126
10659,2020,NoGroup,NotRecruited,Not recruited,Minnesota,Brooklyn Park,United States,45.1004807,-93.3443585
10660,2020,NoGroup,NA,Not recruited,Minnesota,Minneapolis,United States,44.9772995,-93.2654692
10661,2020,NoGroup,NA,Not recruited,Minnesota,Minneapolis,United States,44.9772995,-93.2654692
10662,2021,Follower,Unknown,Unknown,Virginia,McLean,United States,38.9342888,-77.1776327
10665,2019,NoGroup,NotRecruited,Not recruited,Ohio,New Middletown,United States,40.9611713,-80.5575706
10678,2019,NoGroup,NotRecruited,Not recruited,Maryland,Forest Hill,United States,39.5851063,-76.387739
10693,2021,NoGroup,NotRecruited,Not recruited,Virginia,Virginia Beach,United States,36.8496579,-75.9760751
10719,2021,Follower,Recruited,Friend,Indiana,Indianapolis,United States,39.7683331,-86.1583502
10728,2021,NoGroup,NotRecruited,Not recruited,Georgia,Woodstock,United States,34.1014112,-84.5192192
10729,2021,Follower,Unknown,Unknown,Texas,Grand Prairie,United States,32.7459645,-96.9977846
10730,2021,Leader,Unknown,Unknown,Tennessee,Knoxville,United States,35.9603948,-83.9210261
10731,2021,Unknown,NotRecruited,Not recruited,Michigan,Macomb County,United States,NA,NA
10732,2021,Associate,NotRecruited,Not recruited,Texas,Kerrville,United States,30.048469,-99.1399464
10733,2021,Follower,NotRecruited,Not recruited,Washington,Battle Ground,United States,45.7813532,-122.5337433
10734,2017,Follower,NotRecruited,Not recruited,California,Berkeley,United States,37.8708393,-122.272863
10735,2020,Leader,Unknown,Unknown,Texas,Santa Fe,United States,29.3780129,-95.1057625
10736,2020,Follower,Unknown,Unknown,Texas,Sulphur Springs,United States,33.1384886,-95.6010143
10737,2021,Follower,Unknown,Unknown,Florida,Loxahatchee,United States,26.6831222,-80.2593689
10738,2021,Follower,Unknown,Unknown,Florida,Pensacola,United States,30.421309,-87.2169149
10739,2021,Leader,Unknown,Unknown,Florida,Brooksville,United States,28.5552719,-82.3878709
10740,2021,Leader,Unknown,Unknown,Florida,Satsuma,United States,29.5549701,-81.6559138
10741,2021,Follower,Unknown,Unknown,Florida,Pensacola,United States,30.421309,-87.2169149
10742,2021,Follower,Unknown,Unknown,Florida,Panama City,United States,30.1586518,-85.6602936
10743,2021,Follower,Unknown,Unknown,Florida,Orange Park,United States,30.1654707,-81.7016346
10744,2021,Follower,Unknown,Unknown,Florida,Jacksonville,United States,30.3262247,-81.6579179
10745,2021,Follower,Unknown,Unknown,Florida,Beverly Hills,United States,28.9203666,-82.4636305
10746,2021,Follower,Unknown,Unknown,Florida,Milton,United States,30.6324149,-87.0396881
10747,2021,Follower,Unknown,Unknown,Florida,Live Oak,United States,30.2961892,-82.9842885
10748,2021,Follower,Unknown,Unknown,Florida,Bristol,United States,30.4321947,-84.9765067
10749,2021,Follower,Unknown,Unknown,Florida,Wildwood,United States,28.865286,-82.0394286
10750,2021,Follower,Unknown,Unknown,Florida,Zephyrhills,United States,28.2336196,-82.1811947
10751,2021,Follower,Unknown,Unknown,Florida,Port Richey,United States,28.2716755,-82.7195451
10752,2021,Follower,Unknown,Unknown,Florida,Jacksonville,United States,30.3262247,-81.6579179
10753,2021,NoGroup,NotRecruited,Not recruited,New York,Manhatten,United States,NA,NA
10755,2021,Follower,Unknown,Unknown,Michigan,Bad Axe,United States,43.8020626,-83.0004744
10756,2021,Follower,Unknown,Unknown,Michigan,Lake City,United States,44.335287,-85.215046
10757,2021,Follower,Unknown,Unknown,New York,Bronx,United States,40.8466508,-73.8785937
10758,2021,Follower,Unknown,Unknown,New York,Bronx,United States,40.8466508,-73.8785937
10759,2021,Follower,Unknown,Unknown,Michigan,Detroit,United States,42.3315509,-83.046640300000007
10760,2021,Follower,Unknown,Unknown,New York,Brooklyn,United States,40.6526006,-73.9497211
10761,2021,Follower,Unknown,Unknown,Rhode Island,Pawtucket,United States,41.8789531,-71.3821203
10763,2021,Follower,Unknown,Unknown,New York,Bronx,United States,40.8466508,-73.8785937
10764,2021,Follower,Unknown,Unknown,New York,Bronx,United States,40.8466508,-73.8785937
10766,2021,Follower,Unknown,Unknown,New York,Bronx,United States,40.8466508,-73.8785937
10767,2021,Follower,Unknown,Unknown,New York,Baldwin,United States,40.6507766,-73.6124106
10768,2021,Follower,Recruited,Friend,New York,Bronx,United States,40.8466508,-73.8785937
10769,2021,Follower,NotRecruited,Not recruited,Alabama,Hoover,United States,33.350293,-86.851123
10770,2020,Follower,Unknown,Unknown,Washington,Bremerton,United States,47.5653663,-122.6246836
10771,2020,Follower,Unknown,Unknown,Washington,Everett,United States,47.9793437,-122.2127011
10772,2020,Follower,Unknown,Unknown,Washington,Kirkland,United States,47.6765382,-122.2070775
10773,2021,NoGroup,NotRecruited,Not recruited,Texas,San Antonio,United States,29.4246002,-98.4951405
10774,2021,Follower,Unknown,Unknown,Illinois,Thomson,United States,41.9589158,-90.0992924
10775,2021,Follower,Unknown,Unknown,Illinois,Thomson,United States,41.9589158,-90.0992924
10776,2021,NoGroup,NotRecruited,Not recruited,Minnesota,Moorhead,United States,46.8739081,-96.7538674
10777,2020,Leader,Unknown,Unknown,Texas,Waller County,United States,NA,NA
10778,2020,Leader,Unknown,Unknown,Missouri,Stratford,United States,38.9268266,-94.5174849
10779,2021,Follower,Unknown,Unknown,Iowa,Des Moines,United States,41.5868654,-93.6249494
10780,2021,NoGroup,NA,Not recruited,North Carolina,Grover,United States,35.1745756,-81.4498097
10781,2021,Leader,Recruited,Group member,Florida,Deltona,United States,28.904843,-81.2273119
10782,2021,NoGroup,NotRecruited,Not recruited,California,Truckee,United States,39.3279454,-120.1835765
10783,2021,NoGroup,NotRecruited,Not recruited,Oregon,Happy Valley,United States,45.428679,-122.497174
10785,2021,NoGroup,NotRecruited,Not recruited,New York,New York,United States,40.7127281,-74.0060152
10787,2021,Unknown,Unknown,Unknown,Pennsylvania,Port Richmond,United States,39.9863549,-75.1009166
10789,2021,NoGroup,NotRecruited,Not recruited,Michigan,Charlotte,United States,42.5637369,-84.8355792
10792,2021,Unknown,Unknown,Unknown,Oklahoma,Tulsa,United States,36.1563122,-95.9927516
10793,2021,Follower,Unknown,Unknown,Texas,Smiley,United States,29.2689038,-97.6369441
10794,2021,NoGroup,NotRecruited,Not recruited,Kentucky,Louisville,United States,38.2542376,-85.759407
10795,2021,Unknown,NotRecruited,Not recruited,Texas,El Paso,United States,31.7601001,-106.4870476
10796,2021,NoGroup,NotRecruited,Not recruited,Colorado,Fruita,United States,39.1588826,-108.7336414
10797,2021,NoGroup,NotRecruited,Not recruited,New York,Bayport,United States,40.7384317,-73.0506656
10800,2021,NoGroup,NotRecruited,Not recruited,New York,New York,United States,40.7127281,-74.0060152
10805,2021,NoGroup,NotRecruited,Not recruited,Michigan,Kimball,United States,42.9480851,-82.5624192
10806,2021,Follower,Unknown,Unknown,Oregon,Portland,United States,45.5202471,-122.674194
10807,2020,NoGroup,NotRecruited,Not recruited,Kansas,Topeka,United States,39.049011,-95.677556
10809,2020,Leader,Unknown,Unknown,Utah,Sandy,United States,40.5710454,-111.8953815
10825,2021,Follower,NotRecruited,Not recruited,Washington,Seattle,United States,47.6038321,-122.330062
10826,2021,Follower,NotRecruited,Not recruited,California,Sacramento,United States,38.5810606,-121.493895
10827,2021,Unknown,NotRecruited,Not recruited,Oklahoma,Tulsa,United States,36.1563122,-95.9927516
10828,2021,Unknown,Unknown,Unknown,Texas,Fort Worth,United States,32.753177,-97.3327459
10829,2021,Unknown,Unknown,Unknown,California,Bakersfield,United States,35.3738712,-119.019463
10830,2015,Follower,Unknown,Unknown,Colorado,Grand Junction,United States,39.0672568,-108.56448
10831,2021,Leader,Unknown,Unknown,Texas,Montgomery,United States,30.3882613,-95.6963355
10832,2021,Follower,Unknown,Unknown,Maryland,Bel Air,United States,39.573145,-78.8497437
10833,2021,Follower,Unknown,Unknown,Maryland,-99,United States,NA,NA
10834,2021,Follower,Unknown,Unknown,Kentucky,Florence,United States,38.9989499,-84.6266111
10835,2021,Follower,Unknown,Unknown,Arkansas,Bull Shoals,United States,36.383956,-92.5815527
10836,2019,Associate,Unknown,Unknown,Massachusetts,Attleboro,United States,41.9439695,-71.2804301
10837,2020,Follower,Unknown,Unknown,Virginia,Hampton,United States,37.0264414,-76.3442846
10838,2021,Follower,Unknown,Unknown,Wisconsin,Gresham,United States,44.8518159,-88.7869262
10839,2021,Follower,Unknown,Unknown,Texas,Lumberton,United States,30.2655322,-94.1991444
10840,2021,Follower,Unknown,Unknown,Texas,-99,United States,32.9944454,-97.2295308
10843,2019,Follower,Unknown,Unknown,Georgia,Hampton,United States,33.3870578,-84.2829784
10846,2021,Follower,Unknown,Unknown,Texas,San Marcos,United States,29.8826436,-97.9405828
10850,2021,Follower,NotRecruited,Not recruited,Georgia,Hoschton,United States,34.096496,-83.7612839
10851,2021,Follower,NotRecruited,Not recruited,Oregon,Portland,United States,45.5202471,-122.674194
10852,2021,Follower,NotRecruited,Not recruited,Oregon,Portland,United States,45.5202471,-122.674194
10857,2021,Follower,NotRecruited,Not recruited,Tennessee,Oak Ridge,United States,36.0103562,-84.2696449
10859,2021,Follower,NotRecruited,Not recruited,Pennsylvania,Pittsburgh,United States,40.4406968,-80.0025666
10860,2021,Follower,NotRecruited,Not recruited,Pennsylvania,Pittsburgh,United States,40.4406968,-80.0025666
10863,2021,Follower,NotRecruited,Not recruited,Washington,Olympia,United States,47.0451022,-122.8950075
10868,2021,NoGroup,NotRecruited,Not recruited,Maine,Buxton,United States,43.612404,-70.540878
10871,2021,Associate,Unknown,Unknown,Pennsylvania,Willow Grove,United States,40.1439985,-75.1157286
10872,2021,Follower,Unknown,Unknown,California,Los Angeles,United States,34.0536909,-118.242766
10873,2021,Follower,Unknown,Unknown,California,Culver City,United States,34.0211224,-118.396466
10874,2020,Follower,Unknown,Unknown,California,San Diego,United States,32.7174202,-117.162772
10875,2021,Follower,Unknown,Unknown,California,La Canada Flintridge,United States,34.1998302,-118.2005236
10876,2021,Follower,Unknown,Unknown,California,Los Angeles,United States,34.0536909,-118.242766
10877,2021,Follower,Unknown,Unknown,California,Los Angeles,United States,34.0536909,-118.242766
10878,2021,Follower,Unknown,Unknown,California,San Diego,United States,32.7174202,-117.162772
10879,2021,Follower,Unknown,Unknown,California,San Diego,United States,32.7174202,-117.162772
10880,2021,Follower,NotRecruited,Not recruited,California,Los Angeles,United States,34.0536909,-118.242766
10881,2021,Follower,NotRecruited,Not recruited,Washington,Touchet,United States,46.0398567,-118.672207
10882,2021,Follower,NotRecruited,Not recruited,California,San Marcos,United States,33.1352995,-117.1743395
10883,2019,Follower,NotRecruited,Not recruited,Texas,Austin,United States,30.2711286,-97.7436995
10884,2019,Follower,NotRecruited,Not recruited,Alabama,Hayden,United States,33.8926003,-86.757773
10886,2021,Leader,NotRecruited,Not recruited,Nevada,Las Vegas,United States,36.1674263,-115.1484131
10887,2021,Follower,NotRecruited,Not recruited,Massachusetts,Stoughton,United States,42.1252079,-71.1022015
10888,2021,NoGroup,NotRecruited,Not recruited,North Carolina,Brevard,United States,35.2334472,-82.7342919
10889,2021,NoGroup,NotRecruited,Not recruited,Massachusetts,Brighton,United States,42.3491615,-71.1533859
10890,2019,Unknown,Unknown,Unknown,New Jersey,Bayonne,United States,40.6687141,-74.1143091
10891,2019,Unknown,Unknown,Unknown,New Jersey,Bayonne,United States,40.6687141,-74.1143091
10892,2020,Unknown,Unknown,Unknown,Arkansas,Little Rock,United States,34.7465071,-92.2896267
10894,2021,Associate,NotRecruited,Not recruited,Virginia,Norfolk,United States,36.8493695,-76.2899539
10895,2018,Unknown,Unknown,Unknown,Texas,San Antonio,United States,29.4246002,-98.4951405
10896,2019,Follower,Unknown,Unknown,Minnesota,Duluth,United States,46.7838287,-92.1052679
10897,2019,Follower,Unknown,Unknown,Wisconsin,Viroqua,United States,43.5569174,-90.8887413
10898,2019,Follower,Unknown,Unknown,Wisconsin,Cuba City,United States,42.6054551,-90.4307684
10899,2020,Leader,NotRecruited,Not recruited,Ohio,Dublin,United States,40.0996009,-83.1135563
10900,2020,Leader,NotRecruited,Not recruited,Wisconsin,Oshkosh,United States,44.0206919,-88.5408574
10901,2020,Leader,NotRecruited,Not recruited,Indiana,West Lafayette,United States,40.4258686,-86.9080655
10902,2020,Unknown,Unknown,Unknown,Minnesota,Ramsey,United States,45.2320595,-93.4605008
10935,2021,Leader,NotRecruited,Not recruited,Massachusetts,Salem,United States,42.5195292,-70.8967226
10936,2021,Leader,NotRecruited,Not recruited,Connecticut,Meriden,United States,41.5381803,-72.8026908
10937,2020,Follower,Unknown,Unknown,Massachusetts,Norwood,United States,42.194543,-71.1994976
10938,2021,Follower,NotRecruited,Not recruited,Massachusetts,Haverill,United States,NA,NA
10943,2021,Follower,Unknown,Unknown,Alabama,Harvest,United States,34.8556441,-86.7508323
10944,2019,Follower,Unknown,Unknown,Colorado,Lakewood,United States,39.7085736,-105.0846694
10946,2021,Follower,Unknown,Unknown,Texas,Fort Worth,United States,32.753177,-97.3327459
10947,2021,Follower,Unknown,Unknown,Massachusetts,Natick,United States,42.2836393,-71.346996
10954,2021,Follower,Unknown,Unknown,California,North Hills,United States,34.2429575,-118.4854081
11001,2020,Associate,Recruited,Friend,Minnesota,Rochester,United States,44.0234387,-92.4630182
11024,2020,Follower,Unknown,Unknown,Texas,Tyler,United States,32.3512601,-95.3010624
11025,2020,Associate,Unknown,Unknown,California,Eureka,United States,40.8018746,-124.1707558
11046,2020,Follower,Unknown,Unknown,Indiana,-99,United States,NA,NA
11047,2020,Follower,Unknown,Unknown,Texas,Odessa,United States,31.8457149,-102.367687
11048,2020,Follower,Unknown,Unknown,Arkansas,-99,United States,NA,NA
11049,2020,Follower,Unknown,Unknown,Texas,-99,United States,32.9944454,-97.2295308
11050,2020,Follower,Unknown,Unknown,Pennsylvania,Erie,United States,42.1294712,-80.0852695
11051,2020,Follower,Unknown,Unknown,Texas,Tyler,United States,32.3512601,-95.3010624
11052,2020,Follower,Unknown,Unknown,Texas,Bullard,United States,32.1403019,-95.3221898
11053,2020,Leader,Unknown,Unknown,Texas,Texarkana,United States,33.4466745,-94.0771483
11057,2020,NoGroup,NotRecruited,Not recruited,Arizona,Page,United States,36.9148305,-111.457294
11059,2020,Follower,Unknown,Unknown,California,San Diego,United States,32.7174202,-117.162772
11060,2020,Follower,Unknown,Unknown,Virginia,Chesterfield,United States,37.3777927,-77.5046698
11061,2020,Associate,Unknown,Unknown,Washington,Seattle,United States,47.6038321,-122.330062
11062,2020,NoGroup,NotRecruited,Not recruited,Alaska,Anchorage,United States,61.2163129,-149.894852
11063,2020,Associate,Unknown,Unknown,Georgia,Atlanta,United States,33.7544657,-84.3898151
11064,2020,Unknown,Unknown,Unknown,Oregon,Portland,United States,45.5202471,-122.674194
11065,2020,NoGroup,NotRecruited,Not recruited,Washington,Edmonds,United States,47.8105738,-122.3774952
11066,2020,NoGroup,NotRecruited,Not recruited,Pennsylvania,Erie,United States,42.1294712,-80.0852695
11067,2020,NoGroup,NotRecruited,Not recruited,Pennsylvania,Erie,United States,42.1294712,-80.0852695
11068,2020,NoGroup,NotRecruited,Not recruited,Louisiana,Baton Rouge,United States,30.4494155,-91.1869659
11069,2020,NoGroup,NotRecruited,Not recruited,Louisiana,Baton Rouge,United States,30.4494155,-91.1869659
11070,2020,NoGroup,NotRecruited,Not recruited,Louisiana,Baton Rouge,United States,30.4494155,-91.1869659
11071,2020,NoGroup,NotRecruited,Not recruited,Texas,Cedar Park,United States,30.5217116,-97.827833
11072,2020,NoGroup,NotRecruited,Not recruited,Utah,Salt Lake City,United States,40.7596198,-111.886797
11073,2020,NoGroup,NotRecruited,Not recruited,New Jersey,South Plainfield,United States,40.5792701,-74.4115401
11074,2020,NoGroup,NotRecruited,Not recruited,Nevada,Las Vegas,United States,36.1674263,-115.1484131
11075,2020,NoGroup,NotRecruited,Not recruited,Nevada,Las Vegas,United States,36.1674263,-115.1484131
11076,2020,NoGroup,NotRecruited,Not recruited,Nevada,Las Vegas,United States,36.1674263,-115.1484131
11077,2020,NoGroup,NotRecruited,Not recruited,New York,New York,United States,40.7127281,-74.0060152
11078,2020,NoGroup,NotRecruited,Not recruited,Oregon,Troutdale,United States,45.5392862,-122.3873133
11080,2020,NoGroup,NotRecruited,Not recruited,New York,Buffalo,United States,42.8864163,-78.8781493
11081,2012,Follower,NotRecruited,Not recruited,Illinois,Chicago,United States,41.8755616,-87.6244212
11082,2019,NoGroup,NotRecruited,Not recruited,Hawaii,Kapolei,United States,21.3340079,-158.077849
11083,2019,Associate,Unknown,Unknown,California,City Heights,United States,32.7497278,-117.101029
11092,2021,Unknown,Unknown,Unknown,California,Imperial,United States,32.8475529,-115.569439
11094,2019,NoGroup,NotRecruited,Not recruited,Maryland,Bel Air,United States,39.573145,-78.8497437
11095,2020,NoGroup,NotRecruited,Not recruited,Washington,La Center,United States,45.8638734,-122.668577
12002,2020,NoGroup,NotRecruited,Not recruited,Wisconsin,Grafton,United States,43.3195224,-87.9517842
12003,2021,NoGroup,NotRecruited,Not recruited,Kansas,Lawrence,United States,38.9719137,-95.2359403
12004,2021,NoGroup,NotRecruited,Not recruited,Maryland,Cumberland,United States,39.6526498,-78.762383
12005,2021,Follower,Unknown,Unknown,California,Long Beach,United States,33.7690164,-118.191604
12006,2018,Follower,Unknown,Unknown,New Mexico,Albuquerque,United States,35.0841034,-106.650985
12007,2021,NoGroup,NotRecruited,Not recruited,Iowa,Des Moines,United States,41.5868654,-93.6249494
12008,2021,Follower,Unknown,Unknown,New Jersey,Moorestown,United States,39.9670569,-74.9426677
12009,2021,Follower,Recruited,Other,Maryland,Bel Air,United States,39.573145,-78.8497437
12010,2021,Follower,Unknown,Unknown,Maryland,Cockeysville,United States,39.481861,-76.6441816
12011,2021,Associate,Unknown,Unknown,California,Anderson,United States,40.4479345,-122.2982544
12012,2021,Associate,Unknown,Unknown,California,Redding,United States,40.5863563,-122.391675
12014,2021,Follower,NotRecruited,Not recruited,California,Modesto,United States,37.6393419,-120.9968892
12015,2021,Leader,Unknown,Unknown,California,San Francisco,United States,37.7879363,-122.4075201
12016,2021,Follower,NotRecruited,Not recruited,California,San Francisco,United States,37.7879363,-122.4075201
12017,2020,Follower,Recruited,Friend,Iowa,Thurman,United States,40.8198773,-95.7480872
12018,2021,Follower,Unknown,Unknown,Indiana,Fort Wayne,United States,41.0799898,-85.1386015
12019,2021,Leader,Unknown,Unknown,California,Los Angeles,United States,34.0536909,-118.242766
12020,2020,Follower,Unknown,Unknown,Minnesota,Albert Lea,United States,43.6480127,-93.3682656
12021,2021,Follower,Unknown,Unknown,California,Oakland,United States,37.8044557,-122.271356
12022,2021,Leader,Unknown,Unknown,California,San Luis Obispo,United States,35.2827525,-120.659615
12023,2021,Follower,Unknown,Unknown,Rhode Island,Wakefield,United States,41.437324,-71.5014469
12024,2021,Leader,Unknown,Unknown,Nevada,Las Vegas,United States,36.1674263,-115.1484131
12025,2021,NoGroup,NotRecruited,Not recruited,Maryland,Baltimore,United States,39.2908816,-76.610759
12029,2021,NoGroup,NotRecruited,Not recruited,Massachusetts,Winthrop,United States,42.3746525,-70.9825807
12031,2021,NoGroup,NotRecruited,Not recruited,Texas,Wichita Falls,United States,33.9004572,-98.5020777
12032,2021,Associate,Unknown,Unknown,Oregon,Fairview,United States,45.5385457,-122.4330512
12033,2021,Follower,NotRecruited,Not recruited,New York,New York,United States,40.7127281,-74.0060152
12034,2021,Follower,NotRecruited,Not recruited,New York,Peekskill,United States,41.289811,-73.9204922
12035,2020,Follower,NotRecruited,Not recruited,California,Covina,United States,34.0877926,-117.8891164
12038,2021,Follower,Unknown,Unknown,California,Wheaton,United States,35.460346,-115.4774358
12039,2021,Leader,Unknown,Unknown,Florida,Lakeland,United States,28.0394654,-81.9498042
12042,2021,Follower,Unknown,Unknown,Florida,Loxahatchee,United States,26.6831222,-80.2593689
12043,2020,Leader,Unknown,Unknown,New York,Brooklyn,United States,40.6526006,-73.9497211
12044,2021,Follower,Unknown,Unknown,California,Sacramento,United States,38.5810606,-121.493895
12045,2021,Follower,Unknown,Unknown,Oregon,Salem,United States,44.9391565,-123.033121
12046,2021,Follower,Unknown,Unknown,Oregon,Beaverton,United States,45.4871723,-122.80378
12096,2021,Follower,Unknown,Unknown,California,Rocklin,United States,38.7907339,-121.2357828
12101,2020,Leader,NotRecruited,Not recruited,California,Berkeley,United States,37.8708393,-122.272863
12102,2020,Leader,NotRecruited,Not recruited,Iowa,Fairfield,United States,41.0072342,-91.9630039
12103,2020,Follower,Unknown,Unknown,Iowa,Fairfield,United States,41.0072342,-91.9630039
12104,2020,Follower,Unknown,Unknown,California,Berkeley,United States,37.8708393,-122.272863
12105,2021,Follower,Unknown,Unknown,Wyoming,Rock Springs,United States,41.5860557,-109.2194544
12106,2021,Follower,Unknown,Unknown,California,Berkeley,United States,37.8708393,-122.272863
12107,2020,Leader,Unknown,Unknown,Illinois,Chicago,United States,41.8755616,-87.6244212
12108,2020,Follower,NotRecruited,Not recruited,California,Albany,United States,37.8871621,-122.298351
12109,2020,Follower,NotRecruited,Not recruited,California,Richmond,United States,37.9357576,-122.347748
12113,2021,Follower,Unknown,Unknown,Nevada,Winnemucca,United States,40.9724295,-117.734802
12114,2021,Follower,Unknown,Unknown,New York,New Hartford,United States,43.073108,-75.2879252
12117,2021,Associate,NotRecruited,Not recruited,Colorado,Denver,United States,39.7392364,-104.984862
12119,2019,Follower,Unknown,Unknown,Maryland,Millersville,United States,39.0595542,-76.6480219
12145,2021,Follower,NotRecruited,Not recruited,Texas,Canyon Lake,United States,29.8643185,-98.2437802
12147,2021,Follower,NotRecruited,Not recruited,New Jersey,North Brunswick,United States,40.4539249,-74.476545
12148,2021,Follower,NotRecruited,Not recruited,Kansas,Wichita,United States,37.6922361,-97.3375448
12149,2021,Follower,Unknown,Unknown,Oregon,Hillsboro,United States,45.5228939,-122.989827
12151,2021,Follower,Unknown,Unknown,Oregon,Woodburn,United States,45.143731,-122.8553725
12152,2021,Associate,NotRecruited,Not recruited,New Mexico,Farmington,United States,36.7291152,-108.205445
6543,2015,Associate,NotRecruited,Not recruited,Oregon,Winchester,United States,43.2796157,-123.353976
12252,2020,NoGroup,NotRecruited,Not recruited,Arkansas,Little Rock,United States,34.7465071,-92.2896267
10589,2022,Follower,Unknown,Unknown,Louisiana,New Orleans,United States,29.9561422,-90.0733934
10590,2022,Follower,Unknown,Unknown,Florida,Zephyrhills,United States,28.2336196,-82.1811947
10786,2021,NoGroup,NotRecruited,Not recruited,Massachusetts,Quincy,United States,42.2509914,-71.0037374
10893,2022,Follower,Unknown,Unknown,Mississippi,Nesbit,United States,34.881763,-90.0087022
10945,2022,Leader,NotRecruited,Not recruited,Texas,Haslet,United States,32.9744464,-97.3482592
10501,2022,Follower,Unknown,Unknown,Florida,Saint Petersburg,United States,27.7712264,-82.6340259
10502,2022,Follower,Unknown,Unknown,Florida,Largo,United States,27.9094665,-82.7873244
10503,2022,Follower,Unknown,Unknown,Florida,Tampa,United States,27.9449854,-82.4583107
10504,2022,Follower,Unknown,Unknown,South Dakota,Mitchell,United States,43.70953,-98.025379
12633,2020,NoGroup,NotRecruited,Not recruited,Utah,Salt Lake City,United States,40.7596198,-111.886797
12634,2020,NoGroup,NotRecruited,Not recruited,Utah,Ogden,United States,41.2230048,-111.9738429
12635,2021,Associate,NotRecruited,Not recruited,Virginia,Newport News,United States,36.9775016,-76.42977
12187,2021,NoGroup,NotRecruited,Not recruited,Virginia,Newport News,United States,36.9775016,-76.42977
12199,2021,Leader,Unknown,Unknown,New Jersey,Wyckoff,United States,41.0095417,-74.1729222
12200,2021,Follower,Unknown,Unknown,New Jersey,Delanco,United States,40.0506669,-74.9535016
12201,2021,Follower,Unknown,Unknown,New Jersey,Union Beach ,United States,40.4464962,-74.1781988
10854,2021,Follower,Unknown,Unknown,California,Chula Vista,United States,32.6400541,-117.084195
12182,2021,Follower,Unknown,Unknown,Arkansas,Little Rock,United States,34.7465071,-92.2896267
10948,2018,NoGroup,NotRecruited,Not recruited,New York,Niagara Falls,United States,43.08436,-79.0614686
9942,2020,NoGroup,NotRecruited,Not recruited,Louisiana,New Orleans,United States,29.9561422,-90.0733934
12227,2021,NoGroup,NotRecruited,Not recruited,Oregon,Eugene,United States,44.0505054,-123.0950506
7730,2018,NoGroup,NotRecruited,Not recruited,Pennsylvania,Benton,United States,41.1950837,-76.3835528
12681,2021,NoGroup,NotRecruited,Not recruited,Ohio,Mogadore,United States,41.050775,-81.393946
12679,2020,NoGroup,NotRecruited,Not recruited,Maine,Presque Isle,United States,46.6812216,-68.0154578
12691,2021,NoGroup,NotRecruited,Not recruited,Maryland,Clarksburg,United States,39.2302156,-77.2508469
12203,2021,NoGroup,NotRecruited,Not recruited,Georgia,Jonesboro,United States,33.5215013,-84.3538128
12631,2022,Follower,Unknown,Unknown,Missouri,Vinita Park,United States,38.6938549,-90.3347998
12596,2020,Follower,Unknown,Unknown,Texas,Spring Branch,United States,29.890187,-98.4264344
12192,2022,NoGroup,NotRecruited,Not recruited,Pennsylvania,Bethlehem,United States,40.6178915,-75.3786521
12194,2022,NoGroup,NotRecruited,Not recruited,North Carolina,Middlesex,United States,35.7888369,-78.2039124
12195,2020,NoGroup,NotRecruited,Not recruited,Georgia,Atlanta,United States,33.7544657,-84.3898151
12196,2020,NoGroup,NotRecruited,Not recruited,Georgia,Atlanta,United States,33.7544657,-84.3898151
12197,2020,NoGroup,NotRecruited,Not recruited,Georgia,Atlanta,United States,33.7544657,-84.3898151
12198,2022,Follower,Unknown,Unknown,Michigan,Bellevue,United States,42.4437685,-85.0179986
12202,2022,Associate,Unknown,Unknown,Texas,Denton,United States,33.215038,-97.1330431
12205,2022,Follower,Unknown,Unknown,California,Desert Hot Springs,United States,33.961124,-116.5016784
12206,2021,Follower,Unknown,Unknown,New York,New York,United States,40.7127281,-74.0060152
12207,2022,NoGroup,NotRecruited,Not recruited,California,Manteca,United States,37.7986184,-121.2117148
12208,2022,Associate,Unknown,Unknown,California,Stockton,United States,37.9577016,-121.290779
12209,2022,Associate,Unknown,Unknown,Virginia,Arlington,United States,38.8903961,-77.0841585
12210,2022,NoGroup,NotRecruited,Not recruited,New York,Freeport,United States,40.6576071,-73.5835826
12211,2022,NoGroup,NotRecruited,Not recruited,Massachusetts,Kingston,United States,41.9945473,-70.7244822
7058,2022,Follower,NotRecruited,Not recruited,Pennsylvania,Newtown,United States,40.2294046,-74.9365329
1525,2019,Follower,Unknown,Unknown,Washington,Seattle,United States,47.6038321,-122.330062
1527,2019,Leader,Recruited,Friend,Virginia,Gloucester,United States,37.4148403,-76.529435
1528,2021,Follower,NotRecruited,Not recruited,Minnesota,Saint Paul,United States,44.9497487,-93.0931028
10001,2020,Associate,NotRecruited,Not recruited,Michigan,Linden,United States,42.8146748,-83.7821563
10788,2021,NoGroup,NotRecruited,Not recruited,Texas,Leander,United States,30.5736134,-97.8567339
10790,2022,NoGroup,NotRecruited,Not recruited,Rhode Island,Cranston,United States,41.779588,-71.4366813
10791,2022,NoGroup,NotRecruited,Not recruited,Oregon,Portland,United States,45.5202471,-122.674194
10905,2022,Leader,NotRecruited,Not recruited,Texas,Haslet,United States,32.9744464,-97.3482592
10906,2022,Follower,Unknown,Unknown,Wyoming,Cheyenne,United States,41.139981,-104.820246
10907,2022,Follower,Unknown,Unknown,Idaho,Sioux Falls,United States,NA,NA
10908,2022,Follower,Unknown,Unknown,Utah,West Valley City,United States,40.6967891,-111.9866954
10909,2022,Follower,Unknown,Unknown,Texas,Garland,United States,32.912624,-96.6388833
10910,2022,Follower,Unknown,Unknown,Texas,Conroe,United States,30.3118769,-95.4560512
10820,2022,Follower,Unknown,Unknown,Texas,Watauga,United States,32.8579056,-97.2547371
10912,2022,Follower,Unknown,Unknown,Utah,Kaysville,United States,41.0349847,-111.9383931
10914,2022,Leader,Unknown,Unknown,Washington,Concrete,United States,48.5389326,-121.746928
10915,2022,Leader,Unknown,Unknown,Washington,Des Moines,United States,47.398829,-122.3099093
10916,2022,Leader,Unknown,Unknown,Colorado,Wheat Ridge,United States,39.766098,-105.0772063
10917,2022,Follower,Recruited,Group member,Washington,Ellensburg,United States,46.9970635,-120.545122
12041,2022,Leader,Unknown,Unknown,Florida,Cape Canaveral,United States,28.4513556,-80.5283059
10664,2022,Follower,Unknown,Unknown,Tennessee,Jefferson City,United States,36.122311,-83.4923961
12097,2022,Associate,Unknown,Unknown,Idaho,Craigmont,United States,46.241276,-116.467088
12098,2022,Associate,Unknown,Unknown,Washington,Spokane,United States,47.6571934,-117.42351
12112,2022,NoGroup,NotRecruited,Not recruited,Virginia,Fincastle,United States,37.4993048,-79.8772619
12115,2022,Leader,Unknown,Unknown,New York,Gloversville,United States,43.0505021,-74.3457623
12116,2022,Follower,Unknown,Unknown,Pennsylvania,Glenmoore,United States,40.0889905,-75.7718794
12127,2022,Follower,Unknown,Unknown,Virginia,Rustburg,United States,37.2768113,-79.1008543
12129,2022,Follower,Unknown,Unknown,New Hampshire,Manchester,United States,42.9956397,-71.4547891
12153,2022,Leader,NotRecruited,Not recruited,Kansas,Lawrence,United States,38.9719137,-95.2359403
12154,2022,Associate,Unknown,Unknown,Michigan,Westland,United States,42.3238056,-83.4005321
12155,2022,Associate,Unknown,Unknown,Maine,Waterville,United States,44.5505773,-69.6303174
12156,2022,NoGroup,NotRecruited,Not recruited,Massachusetts,Falmouth,United States,41.5514979,-70.6147519
12157,2022,NoGroup,NotRecruited,Not recruited,New Mexico,Albuquerque,United States,35.0841034,-106.650985
12160,2022,Follower,NotRecruited,Not recruited,New Mexico,Albuquerque,United States,35.0841034,-106.650985
12189,2021,Associate,NotRecruited,Not recruited,California,Chino,United States,34.0133561,-117.690075
12190,2022,NoGroup,NotRecruited,Not recruited,District of Columbia,Washington,United States,38.8950982,-77.0363849
12191,2021,Follower,NotRecruited,Not recruited,Idaho,Greenleaf,United States,43.675917,-116.8212221
12225,2019,NoGroup,NotRecruited,Not recruited,Florida,Sarasota,United States,27.3365805,-82.5308545
12226,2019,Follower,Unknown,Unknown,Georgia,Moultrie,United States,31.1793436,-83.788579
12228,2022,Follower,NotRecruited,Not recruited,California,Los Angeles,United States,34.0536909,-118.242766
12229,2021,Follower,Unknown,Unknown,California,Anaheim,United States,33.8347516,-117.911732
12231,2021,NoGroup,NotRecruited,Not recruited,California,Diamond Bar,United States,34.0286226,-117.8103367
12232,2022,NoGroup,NotRecruited,Not recruited,New York,Conlkin,United States,NA,NA
12233,2022,Follower,NotRecruited,Not recruited,Maryland,Halethorpe,United States,39.2398292,-76.6802471
10918,2022,Follower,Unknown,Unknown,Arkansas,Fayetteville,United States,36.0625843,-94.1574328
10920,2022,Follower,Unknown,Unknown,Illinois,Freeburg,United States,38.4275865,-89.9137592
10921,2022,Follower,Unknown,Unknown,Utah,Elk Ridge,United States,40.0113439,-111.676869
10922,2022,Leader,Unknown,Unknown,Colorado,Louisville,United States,39.977763,-105.1319296
10923,2022,Follower,Unknown,Unknown,Washington,Spokane,United States,47.6571934,-117.42351
10924,2022,Follower,Unknown,Unknown,Idaho,Idaho Falls,United States,43.4887907,-112.03628
10925,2022,Follower,Unknown,Unknown,Texas,Watauga,United States,32.8579056,-97.2547371
10926,2022,Follower,Unknown,Unknown,Missouri,Florissant,United States,38.7919683,-90.3227803
10927,2022,Leader,Recruited,Group member,Washington,Rovendale,United States,NA,NA
10928,2022,Follower,Unknown,Unknown,Utah,Midvale,United States,40.6149174,-111.9106607
10930,2022,Follower,NotRecruited,Not recruited,Utah,Springville,United States,40.1652447,-111.6114726
10932,2022,Follower,NotRecruited,Not recruited,Colorado,Thornton,United States,39.8695516,-104.985181
10941,2022,NoGroup,NotRecruited,Not recruited,Mississippi,Ripley,United States,34.7307014,-88.9488276
12000,2022,Follower,Unknown,Unknown,Arizona,Yuma,United States,32.7254216,-114.6198088
12040,2022,Follower,Unknown,Unknown,Indiana,Bedford,United States,38.8611619,-86.4872149
12173,2021,Associate,Unknown,Unknown,New York,Queens,United States,40.7135078,-73.8283132
10638,2022,Associate,NotRecruited,Not recruited,New Jersey,Sayreville,United States,40.4635362,-74.3618499
10639,2022,NoGroup,NotRecruited,Not recruited,New Jersey,Fairview,United States,40.8126006,-73.999028
10641,2022,NoGroup,NotRecruited,Not recruited,Minnesota,Savage,United States,44.7779041,-93.3356204
10642,2022,Associate,NotRecruited,Not recruited,Florida,Tampa,United States,27.9449854,-82.4583107
10643,2022,Associate,NotRecruited,Not recruited,Maine,Wells,United States,43.3220487,-70.5807422
10644,2022,Associate,NotRecruited,Not recruited,New York,New York,United States,40.7127281,-74.0060152
12179,2022,Associate,NotRecruited,Not recruited,New York,Queens,United States,40.7135078,-73.8283132
12180,2022,Associate,NotRecruited,Not recruited,New Jersey,Edison,United States,40.5005351,-74.3983939
12181,2022,Associate,NotRecruited,Not recruited,Kansas,Kansas City,United States,39.1134562,-94.626497
12183,2022,Associate,NotRecruited,Not recruited,Florida,Oldsmar,United States,28.0341847,-82.6650992
12184,2022,NoGroup,NotRecruited,Not recruited,Florida,Madeira Beach,United States,27.7980814,-82.7973247
12185,2022,NoGroup,NotRecruited,Not recruited,Oklahoma,Del City,United States,35.442007,-97.4408709
12186,2022,NoGroup,NotRecruited,Not recruited,Michigan,Charlotte,United States,42.5637369,-84.8355792
12188,2022,NoGroup,NotRecruited,Not recruited,Nebraska,Lincoln,United States,40.8088861,-96.7077751
12584,2022,NoGroup,NotRecruited,Not recruited,New York,Ellenville,United States,41.7170379,-74.39571
12586,2022,NoGroup,NotRecruited,Not recruited,Michigan,Gobles,United States,42.3608691,-85.8794636
12587,2022,Associate,Unknown,Unknown,Oregon,Portland,United States,45.5202471,-122.674194
12588,2022,NoGroup,NotRecruited,Not recruited,Iowa,Swisher,United States,41.8456224,-91.6929702
12589,2022,Follower,NotRecruited,Not recruited,New York,New York,United States,40.7127281,-74.0060152
12590,2022,NoGroup,NotRecruited,Not recruited,Pennsylvania,Mercer,United States,41.2270025,-80.2397852
12591,2022,Follower,NotRecruited,Not recruited,Texas,San Antonio,United States,29.4246002,-98.4951405
12593,2022,NoGroup,Unknown,Unknown,Georgia,Atlanta,United States,33.7544657,-84.3898151
12594,2022,Follower,NotRecruited,Not recruited,North Carolina,Mooresville,United States,35.5848596,-80.8100724
12595,2022,Follower,NotRecruited,Not recruited,North Carolina,Mooresville,United States,35.5848596,-80.8100724
12597,2022,Leader,NotRecruited,Not recruited,California,La Quinta,United States,33.677474,-116.2958789
12598,2021,Follower,NotRecruited,Not recruited,Texas,Everman,United States,32.630968,-97.2891817
12234,2022,Associate,NotRecruited,Not recruited,New York,Cold Spring Harbor,United States,40.8714873,-73.456788
12235,2022,Associate,NotRecruited,Not recruited,Virginia,Springfield,United States,38.7791227,-77.1861196
12236,2022,Associate,NotRecruited,Not recruited,Florida,Gainesville,United States,29.6519684,-82.3249846
12237,2022,Associate,NotRecruited,Not recruited,New York,Cold Spring Harbor,United States,40.8714873,-73.456788
12239,2022,NoGroup,NotRecruited,Not recruited,New York,Town of Niagra,United States,NA,NA
12240,2022,Associate,Unknown,Unknown,Arizona,Kingman,United States,35.1895921,-114.0532996
12241,2022,Leader,Unknown,Unknown,California,Los Angeles,United States,34.0536909,-118.242766
12242,2022,Follower,Unknown,Unknown,New York,Hamlin,United States,43.303115,-77.921124
12243,2022,NoGroup,NotRecruited,Not recruited,Oregon,West Linn,United States,45.3656761,-122.612314
12244,2022,NoGroup,NotRecruited,Not recruited,California,Oceanside,United States,33.1958696,-117.379483
12245,2022,NoGroup,NotRecruited,Not recruited,Florida,Palm Beach,United States,26.7056172,-80.0361517
12246,2022,NoGroup,NotRecruited,Not recruited,California,Lompoc,United States,34.6391501,-120.4579009
12247,2022,NoGroup,NotRecruited,Not recruited,California,Lompoc,United States,34.6391501,-120.4579009
12248,2022,NoGroup,NotRecruited,Not recruited,California,Lompoc,United States,34.6391501,-120.4579009
12251,2022,NoGroup,NotRecruited,Not recruited,California,Simi Valley,United States,34.2677404,-118.7538071
10919,2022,NoGroup,NotRecruited,Not recruited,Nebraska,Lincoln,United States,40.8088861,-96.7077751
10929,2022,NoGroup,NotRecruited,Not recruited,Iowa,Hiawatha,United States,42.0385304,-91.6737592
10931,2022,NoGroup,NotRecruited,Not recruited,Washington,Oak Harbor,United States,48.2931559,-122.643224
10913,2022,Follower,NotRecruited,Not recruited,Florida,Miami,United States,25.7741566,-80.1935973
12253,2022,Follower,Unknown,Unknown,California,Johnson Valley,United States,NA,NA
12254,2022,Follower,Unknown,Unknown,California,Johnson Valley,United States,NA,NA
12255,2022,Follower,Unknown,Unknown,California,Johnson Valley,United States,NA,NA
12556,2022,NoGroup,NotRecruited,Not recruited,Alabama,Tuscaloosa,United States,33.2095614,-87.5675258
12557,2022,NoGroup,NotRecruited,Not recruited,Alabama,Tuscaloosa,United States,33.2095614,-87.5675258
12558,2022,NoGroup,NotRecruited,Not recruited,California,-99,United States,37.4122712,-121.9576697
12559,2022,NoGroup,NotRecruited,Not recruited,Tennessee,Knoxville,United States,35.9603948,-83.9210261
12560,2022,NoGroup,NotRecruited,Not recruited,Washington,Bellevue,United States,47.6144219,-122.192337
12561,2022,NoGroup,NotRecruited,Not recruited,Texas,The Colony,United States,33.0890094,-96.8863922
12562,2022,NoGroup,NotRecruited,Not recruited,Illinois,Highland Park,United States,42.1836719,-87.7993245
12563,2022,Leader,NotRecruited,Not recruited,Arizona,Phoenix,United States,33.4484367,-112.074141
12664,2022,Follower,Unknown,Unknown,Idaho,Boise,United States,43.6166163,-116.200886
12665,2022,Follower,Unknown,Unknown,Georgia,Macon,United States,32.8406946,-83.6324022
12666,2022,Follower,Unknown,Unknown,Nebraska,Bennington,United States,41.3647193,-96.1577968
12667,2022,Follower,Unknown,Unknown,Maine,Kennebunkport,United States,43.3614989,-70.4771132
12668,2022,Follower,Unknown,Unknown,Wisconsin,Milwaukee,United States,43.0386475,-87.9090751
12669,2022,NoGroup,NotRecruited,Not recruited,Washington,Lynwood,United States,47.6061784,-122.5479072
12682,2022,Leader,NotRecruited,Not recruited,Nevada,Las Vegas,United States,36.1674263,-115.1484131
12683,2022,Leader,NotRecruited,Not recruited,Michigan,Kawkawlin,United States,43.6519675,-83.9430352
12684,2022,Leader,NotRecruited,Not recruited,Mississippi,Bolton,United States,32.3493122,-90.4600958
12685,2022,Leader,Unknown,Unknown,Tennessee,Centerville,United States,35.7786827,-87.4668475
12686,2022,Leader,Unknown,Unknown,Virginia,Cumberland,United States,37.4966375,-78.2446058
12745,2021,Follower,Unknown,Unknown,Oregon,Newburg,United States,NA,NA
10821,2022,Leader,Unknown,Unknown,Pennsylvania,Bethlehem,United States,40.6178915,-75.3786521
10823,2022,NoGroup,NotRecruited,Not recruited,New York,Fairport,United States,43.0993,-77.443014
10824,2022,Leader,NotRecruited,Not recruited,New York,Selden,United States,40.8664874,-73.0356625
11013,2022,NoGroup,NotRecruited,Not recruited,Nebraska,Omaha,United States,41.2587459,-95.9383758
10754,2022,NoGroup,NotRecruited,Not recruited,North Carolina,Fort Bragg,United States,35.140311,-79.1541465
11054,2022,Follower,NotRecruited,Not recruited,New Hampshire,Salem,United States,42.7884957,-71.2009035
11099,2022,Follower,Unknown,Unknown,Rhode Island,Portsmouth,United States,41.6024068,-71.2503157
12121,2022,Leader,Recruited,Other,Washington,Fairchild,United States,39.6623865,-77.7195318
12122,2022,Follower,Recruited,Other,Washington,Fairchild,United States,39.6623865,-77.7195318
12123,2022,Follower,Recruited,Other,Washington,Fairchild,United States,39.6623865,-77.7195318
12124,2022,Follower,Recruited,Other,Washington,Airway Heights,United States,47.644611,-117.593272
12125,2022,Follower,Recruited,Other,Washington,Fairchild,United States,39.6623865,-77.7195318
12126,2022,Follower,Recruited,Other,Washington,Fairchild,United States,39.6623865,-77.7195318
12175,2022,Follower,Unknown,Unknown,Virginia,Virginia Beach,United States,36.8496579,-75.9760751
12230,2022,Associate,Unknown,Unknown,Wisconsin,Cecil,United States,44.8093998,-88.451629
12578,2022,Follower,Unknown,Unknown,California,Los Angeles,United States,34.0536909,-118.242766
12579,2022,Follower,Unknown,Unknown,California,Westminster,United States,33.7578725,-117.9859054
3756,2022,Leader,NotRecruited,Not recruited,Texas,Granbury,United States,32.4426759,-97.7870525
10525,2022,Associate,Unknown,Unknown,Tennessee,Knoxville,United States,35.9603948,-83.9210261
10604,2022,Leader,Unknown,Unknown,North Carolina,Newton Grove,United States,35.2454313,-78.3543933
10822,2022,Associate,Unknown,Unknown,Virginia,McLean,United States,38.9342888,-77.1776327
11097,2022,Associate,Unknown,Unknown,Wyoming,Cody,United States,44.5263107,-109.056392
12128,2022,Leader,Recruited,Unknown,North Carolina,Belmont,United States,35.2438272,-81.0377322
12602,2022,Associate,NotRecruited,Not recruited,Florida,Sanford,United States,28.8117345,-81.2680223
10498,2022,Leader,Unknown,Unknown,Washington,Auburn,United States,47.3075369,-122.2301808
10499,2022,Follower,Unknown,Unknown,Washington,Kennewick,United States,46.2087066,-119.119919
10527,2022,Follower,NotRecruited,Not recruited,California,Pomona,United States,34.0553813,-117.7517496
11026,2022,Associate,NotRecruited,Not recruited,Virginia,South Riding,United States,38.9161169,-77.5108595
11027,2021,Associate,NotRecruited,Not recruited,New York,Brockport,United States,43.213671,-77.93918
11084,2022,Leader,Unknown,Unknown,Texas,Granbury,United States,32.4426759,-97.7870525
12036,2022,Follower,NotRecruited,Not recruited,Michigan,Plymouth,United States,42.3712,-83.4675021
12037,2022,Leader,NotRecruited,Not recruited,Ohio,Sandusky,United States,41.4561002,-82.7115813
12673,2022,Associate,NotRecruited,Not recruited,Minnesota,Anoka,United States,45.1977428,-93.3871758
12711,2022,Leader,NotRecruited,Not recruited,Missouri,Warsaw,United States,38.2442186,-93.3774013
12712,2022,Leader,NotRecruited,Not recruited,Tennessee,Clarksville,United States,36.5277607,-87.3588703
10720,2022,Follower,Unknown,Unknown,Florida,Saint Cloud,United States,28.2498534,-81.2839038
10721,2022,Associate,Unknown,Unknown,Florida,Saint Cloud,United States,28.2498534,-81.2839038
11085,2022,Associate,Unknown,Unknown,Texas,Katy,United States,29.7857853,-95.8243956
11086,2022,Associate,Unknown,Unknown,Texas,Katy,United States,29.7857853,-95.8243956
11087,2022,Follower,Unknown,Unknown,Florida,Casselberry,United States,28.6714702,-81.3382005
11088,2022,Follower,Unknown,Unknown,Florida,Leesburg,United States,28.810823,-81.8778582
11089,2022,Follower,Unknown,Unknown,Florida,Windermere,United States,28.4944695,-81.5345547
11090,2022,Follower,Unknown,Unknown,Florida,Mount Dora,United States,28.8004955,-81.6446961
11091,2022,Follower,Recruited,Other,Florida,Palm Coast,United States,29.5541432,-81.2207673
12212,2022,Follower,NotRecruited,Not recruited,Massachusetts,Kingston,United States,41.9945473,-70.7244822
12213,2022,Follower,NotRecruited,Not recruited,New York,Levittown,United States,40.7259621,-73.5144766
12214,2022,Follower,NotRecruited,Not recruited,New Jersey,Montague,United States,41.3031498,-74.7934993
12218,2022,Follower,NotRecruited,Not recruited,Georgia,Fitzgerald,United States,31.715036,-83.2541994
12219,2022,Follower,NotRecruited,Not recruited,Wisconsin,Kenosha,United States,42.5846773,-87.8212263
12220,2022,NoGroup,NotRecruited,Not recruited,Pennsylvania,Manor Township,United States,39.9773809,-76.4303442
12221,2022,Follower,NotRecruited,Not recruited,Arizona,Winkelman,United States,32.9875659,-110.770938
12222,2022,NoGroup,NotRecruited,Not recruited,Pennsylvania,Philadelphia,United States,39.9527237,-75.1635262
12223,2022,NoGroup,NotRecruited,Not recruited,New York,New York,United States,40.7127281,-74.0060152
12224,2022,NoGroup,NotRecruited,Not recruited,Washington,Sedro-Woolley,United States,48.504994,-122.235109
12632,2022,NoGroup,NotRecruited,Not recruited,Arkansas,Fayetteville,United States,36.0625843,-94.1574328
12637,2022,NoGroup,NotRecruited,Not recruited,Illinois,Patoka,United States,38.7553259,-89.0953417
12638,2022,NoGroup,NotRecruited,Not recruited,California,Goleta,United States,34.4358295,-119.8276389
12639,2022,Follower,NotRecruited,Not recruited,Ohio,Cleveland,United States,41.4996574,-81.6936772
12640,2022,NoGroup,NotRecruited,Not recruited,Florida,Hialeah,United States,25.8267775,-80.2814009
12641,2022,NoGroup,NotRecruited,Not recruited,Florida,Hialeah,United States,25.8267775,-80.2814009
12642,2022,Associate,Unknown,Unknown,New York,Gilboa,United States,42.3973028,-74.4459805
12643,2022,Follower,NotRecruited,Not recruited,California,San Francisco,United States,37.7879363,-122.4075201
12644,2022,NoGroup,NotRecruited,Not recruited,Pennsylvania,Philadelphia,United States,39.9527237,-75.1635262
12645,2022,NoGroup,NotRecruited,Not recruited,Florida,Jacksonville,United States,30.3262247,-81.6579179
12646,2022,NoGroup,NotRecruited,Not recruited,California,Chico,United States,39.7284945,-121.8374777
12647,2022,Follower,NotRecruited,Not recruited,Tennessee,Lenoir City,United States,35.7972998,-84.2560299
12648,2022,NoGroup,NotRecruited,Not recruited,Wisconsin,West Bend,United States,43.4252776,-88.1834277
12650,2022,NoGroup,NotRecruited,Not recruited,New York,Aquebogue,United States,40.9445438,-72.6270382
12651,2022,NoGroup,NotRecruited,Not recruited,New York,New York,United States,40.7127281,-74.0060152
12565,2022,Follower,Unknown,Unknown,New York,Hornell,United States,42.3278477,-77.6611025
12566,2022,Follower,Unknown,Unknown,New York,Hornell,United States,42.3278477,-77.6611025
12567,2022,Follower,Unknown,Unknown,New York,Hornell,United States,42.3278477,-77.6611025
12568,2022,NoGroup,NotRecruited,Not recruited,Colorado,-99,United States,NA,NA
12569,2022,Follower,Unknown,Unknown,South Carolina,Columbia,United States,34.000754,-81.0352313
12570,2022,NoGroup,NotRecruited,Not recruited,Florida,Palatka,United States,29.6487882,-81.6372111
12571,2022,NoGroup,NotRecruited,Not recruited,Louisiana,Shreveport,United States,32.5135356,-93.7477839
12572,2022,NoGroup,NotRecruited,Not recruited,Washington,Seattle,United States,47.6038321,-122.330062
12573,2022,Follower,NotRecruited,Not recruited,Texas,Spring,United States,30.0795707,-95.4187924
12574,2022,Follower,NotRecruited,Not recruited,Texas,Spring,United States,30.0795707,-95.4187924
12575,2022,Follower,Recruited,Group member,Utah,Harriman,United States,NA,NA
12576,2022,NoGroup,NotRecruited,Not recruited,West Virginia,Romney,United States,39.3419698,-78.7564522
12577,2022,NoGroup,NotRecruited,Not recruited,Iowa,McGregor,United States,43.0218327,-91.1784542
12580,2022,Follower,Unknown,Unknown,California,Upland,United States,34.09751,-117.6483876
2350,2022,NoGroup,NotRecruited,Not recruited,Maine,Bar Harbor,United States,44.3876378,-68.2043361
12708,2022,NoGroup,NotRecruited,Not recruited,California,-99,United States,37.4122712,-121.9576697
12652,2022,NoGroup,Unknown,Unknown,Colorado,Colorado Springs,United States,38.8339578,-104.825348
12653,2022,NoGroup,Unknown,Unknown,Texas,Conroe,United States,30.3118769,-95.4560512
12655,2022,Leader,NotRecruited,Not recruited,Washington,Seattle,United States,47.6038321,-122.330062
12656,2022,Follower,NotRecruited,Not recruited,Washington,Pullman,United States,46.7295818,-117.1799363
12657,2022,NoGroup,NotRecruited,Not recruited,Georgia,Peachtree Corners,United States,33.9701009,-84.2215869
12658,2022,NoGroup,NotRecruited,Not recruited,Mississippi,Gulfport,United States,30.3674198,-89.0928155
12659,2022,NoGroup,NotRecruited,Not recruited,Texas,Comfort,United States,29.967715,-98.9050337
12662,2022,Associate,NotRecruited,Not recruited,Florida,Lakeland,United States,28.0394654,-81.9498042
12663,2022,NoGroup,NotRecruited,Not recruited,Michigan,Saginaw,United States,43.4200387,-83.9490365
12717,2022,NoGroup,NotRecruited,Not recruited,New York,Endicott,United States,42.098408,-76.0493684
12718,2022,NoGroup,NotRecruited,Not recruited,New York,Getzville,United States,43.0243244,-78.7678332
12747,2020,NoGroup,NotRecruited,Not recruited,Virginia,Woodbridge,United States,38.6626561,-77.2530729
12748,2020,Follower,NotRecruited,Not recruited,Texas,Dallas,United States,32.7762719,-96.7968559
12670,2022,Follower,Unknown,Unknown,New York,New York,United States,40.7127281,-74.0060152
12671,2022,Follower,Unknown,Unknown,New York,New York,United States,40.7127281,-74.0060152
12672,2022,NoGroup,NotRecruited,Not recruited,New York,New York,United States,40.7127281,-74.0060152
12674,2021,Follower,Unknown,Unknown,Oregon,Damascus,United States,45.4176261,-122.458985
12675,2017,Leader,Unknown,Unknown,Michigan,Ann Arbor,United States,42.2813722,-83.7484616
12676,2022,Follower,Unknown,Unknown,New Jersey,-99,United States,40.3794516,-74.3097047
12677,2021,Follower,Unknown,Unknown,Pennsylvania,Westchester,United States,NA,NA
12678,2022,Associate,Unknown,Unknown,Michigan,Ann Arbor,United States,42.2813722,-83.7484616
12013,2022,Follower,Unknown,Unknown,North Carolina,Raleigh,United States,35.7803977,-78.6390989
12150,2022,Follower,Unknown,Unknown,Illinois,Alsip,United States,41.6689336,-87.7387003
12564,2022,Leader,Unknown,Unknown,Ohio,Lebanon,United States,39.4353373,-84.2029922
10633,2022,Follower,Unknown,Unknown,Florida,Lakeland,United States,28.0394654,-81.9498042
10634,2022,Follower,Unknown,Unknown,Florida,Clearwater,United States,27.9658533,-82.8001026
12146,2022,Associate,NotRecruited,Not recruited,Maryland,Finksburg,United States,39.4928811,-76.8894232
10536,2022,Follower,Unknown,Unknown,Oregon,Oregon City,United States,45.3573429,-122.606758
10548,2022,Leader,Unknown,Unknown,Ohio,Kent,United States,41.1513108,-81.3578047
2653,2022,Follower,Unknown,Unknown,South Carolina,Columbia,United States,34.000754,-81.0352313
10617,2022,Follower,Unknown,Unknown,Tennessee,Strawberry Plains,United States,36.0631414,-83.686011
10521,2022,Follower,Unknown,Unknown,Iowa,Sioux City,United States,42.4966815,-96.4058782
10551,2022,Associate,Unknown,Unknown,Illinois,Chicago,United States,41.8755616,-87.6244212
10535,2022,Follower,Unknown,Unknown,Michigan,Petoskey,United States,45.373343,-84.95533
10606,2022,Follower,NotRecruited,Not recruited,Texas,Burleson,United States,32.5420821,-97.3208492
10607,2022,Associate,Unknown,Unknown,Colorado,Grand Junction,United States,39.0672568,-108.56448
10610,2022,Follower,Unknown,Unknown,Virginia,Virginia Beach,United States,36.8496579,-75.9760751
10611,2022,Associate,NotRecruited,Not recruited,Idaho,Victor,United States,43.6025939,-111.111309
10024,2022,Follower,Unknown,Unknown,Pennsylvania,Newville,United States,40.1730565,-77.3993258
10640,2022,Follower,Unknown,Unknown,Michigan,Flint,United States,43.0161693,-83.6900211
12722,2021,Follower,NotRecruited,Not recruited,Delaware,Milton,United States,38.7778049,-75.3101583
12746,2020,NoGroup,NotRecruited,Not recruited,California,Irvine,United States,33.6856969,-117.825981
12599,2022,NoGroup,NotRecruited,Not recruited,Ohio,Cuyahoga Falls,United States,41.1362729,-81.4828123
12600,2022,NoGroup,NotRecruited,Not recruited,Louisiana,Pierre Part,United States,29.9556415,-91.2117148
12601,2022,NoGroup,NotRecruited,Not recruited,Louisiana,Pierre Part,United States,29.9556415,-91.2117148
12605,2022,NoGroup,NotRecruited,Not recruited,Massachusetts,Westfield,United States,42.1205411,-72.7489158
12606,2022,NoGroup,NotRecruited,Not recruited,Oregon,Grants Pass,United States,42.4393707,-123.3272489
12630,2022,NoGroup,NotRecruited,Not recruited,California,Arroyo Grande,United States,35.1235374,-120.5785796
6684,2022,NoGroup,NotRecruited,Not recruited,Ohio,Worthington,United States,40.0930945,-83.0179593
10000,2022,Follower,Unknown,Unknown,Georgia,Atlanta,United States,33.7544657,-84.3898151
12687,2022,Follower,Unknown,Unknown,South Carolina,Aiken,United States,33.5616173,-81.7224579
12688,2022,Follower,Unknown,Unknown,Arkansas,Dover,United States,35.4004413,-93.1142982
12689,2022,Follower,Unknown,Unknown,Missouri,Eldon,United States,38.3494456,-92.5805241
12690,2022,Associate,Unknown,Unknown,Tennessee,Centerville,United States,35.7786827,-87.4668475
12692,2022,NoGroup,NotRecruited,Not recruited,California,Colusa,United States,39.2141019,-122.009234
12749,2022,Follower,Recruited,Group member,North Carolina,Benson,United States,35.3814368,-78.5480563
12193,2021,NoGroup,NA,Not recruited,Ohio,Columbus,United States,39.9622601,-83.0007065
12238,2020,NoGroup,NA,Not recruited,California,Bakersfield,United States,35.3738712,-119.019463
10540,2022,NoGroup,NA,Not recruited,North Carolina,Mount Olive,United States,35.1965532,-78.0663788
10558,2022,NoGroup,NA,Not recruited,Kansas,Independence,United States,37.2242358,-95.7083131
10579,2022,NoGroup,NA,Not recruited,Ohio,Chesterhill,United States,39.488507,-81.8656945
10694,2022,NoGroup,NA,Not recruited,Washington,Kent,United States,47.3826903,-122.2270272
10814,2022,Follower,Unknown,Unknown,Idaho,Genesee,United States,46.5507205,-116.925435
10815,2022,Leader,Unknown,Unknown,Oregon,Prospect,United States,42.7509608,-122.4889244
10816,2022,Leader,Unknown,Unknown,Alabama,Lexington,United States,34.969250099999996,-87.3711316
12778,2022,Follower,Unknown,Unknown,Indiana,Carmel,United States,39.9784186,-86.1283681
12779,2022,Follower,Unknown,Unknown,Pennsylvania,Hunker,United States,40.204698,-79.615824
12780,2022,Follower,Unknown,Unknown,Virginia,Pulaski,United States,37.0478983,-80.7797935
12781,2022,Follower,NotRecruited,Not recruited,North Carolina,Kernersville,United States,36.1198589,-80.0736533
12782,2022,Follower,NotRecruited,Not recruited,North Carolina,Waynesville,United States,35.4887476,-82.9888725
12783,2022,Follower,NotRecruited,Not recruited,Michigan,Walled Lake,United States,42.537811,-83.4810481
12784,2022,Leader,NotRecruited,Not recruited,Illinois,Chicago,United States,41.8755616,-87.6244212
12785,2022,Follower,NotRecruited,Not recruited,Texas,Austin,United States,30.2711286,-97.7436995
10562,2022,NoGroup,NotRecruited,Not recruited,Ohio,Columbus,United States,39.9622601,-83.0007065
12704,2022,NoGroup,NotRecruited,Not recruited,North Carolina,Fort Bragg,United States,35.140311,-79.1541465
10817,2022,Follower,Unknown,Unknown,South Dakota,Sioux Falls,United States,43.5476008,-96.7293629
12786,2020,Follower,Unknown,Unknown,Nevada,Henderson,United States,36.0319602,-114.9822716
10692,2020,NoGroup,Unknown,Unknown,New Mexico,Albuquerque,United States,35.0841034,-106.650985
11058,2020,Follower,Unknown,Unknown,Delaware,Wilmington,United States,39.7459468,-75.546589
12707,2021,Follower,Unknown,Unknown,Virginia,Virginia Beach,United States,36.8496579,-75.9760751
12761,2021,Follower,Unknown,Unknown,California,Camp Pendleton,United States,NA,NA
